#
# There is insufficient memory for the Java Runtime Environment to continue.
# Native memory allocation (malloc) failed to allocate 1287120 bytes. Error detail: Chunk::new
# Possible reasons:
#   The system is out of physical RAM or swap space
#   This process is running with CompressedOops enabled, and the Java Heap may be blocking the growth of the native heap
# Possible solutions:
#   Reduce memory load on the system
#   Increase physical memory or swap space
#   Check if swap backing store is full
#   Decrease Java heap size (-Xmx/-Xms)
#   Decrease number of Java threads
#   Decrease Java thread stack sizes (-Xss)
#   Set larger code cache with -XX:ReservedCodeCacheSize=
#   JVM is running with Zero Based Compressed Oops mode in which the Java heap is
#     placed in the first 32GB address space. The Java Heap base address is the
#     maximum limit for the native heap growth. Please use -XX:HeapBaseMinAddress
#     to set the Java Heap base and to place the Java Heap above 32GB virtual address.
# This output file may be truncated or incomplete.
#
#  Out of Memory Error (arena.cpp:162), pid=10100, tid=14664
#
# JRE version: Java(TM) SE Runtime Environment (24.0.2+12) (build 24.0.2+12-54)
# Java VM: Java HotSpot(TM) 64-Bit Server VM (24.0.2+12-54, mixed mode, sharing, tiered, compressed oops, compressed class ptrs, g1 gc, windows-amd64)
# No core dump will be written. Minidumps are not enabled by default on client versions of Windows
#

---------------  S U M M A R Y ------------

Command Line: --add-opens=java.base/java.lang=ALL-UNNAMED --add-opens=java.base/java.lang.invoke=ALL-UNNAMED --add-opens=java.base/java.util=ALL-UNNAMED --add-opens=java.prefs/java.util.prefs=ALL-UNNAMED --add-exports=jdk.compiler/com.sun.tools.javac.api=ALL-UNNAMED --add-exports=jdk.compiler/com.sun.tools.javac.util=ALL-UNNAMED --add-opens=java.base/java.util=ALL-UNNAMED --add-opens=java.prefs/java.util.prefs=ALL-UNNAMED --add-opens=java.base/java.nio.charset=ALL-UNNAMED --add-opens=java.base/java.net=ALL-UNNAMED --add-opens=java.base/java.util.concurrent.atomic=ALL-UNNAMED --add-opens=java.xml/javax.xml.namespace=ALL-UNNAMED --enable-native-access=ALL-UNNAMED -XX:MaxMetaspaceSize=4G -XX:ReservedCodeCacheSize=512m -XX:+HeapDumpOnOutOfMemoryError -Xmx8G -Dfile.encoding=UTF-8 -Duser.country=US -Duser.language=en -Duser.variant -javaagent:C:\Users\Bradford Nfor\.gradle\wrapper\dists\gradle-8.14-all\c2qonpi39x1mddn7hk5gh9iqj\gradle-8.14\lib\agents\gradle-instrumentation-agent-8.14.jar org.gradle.launcher.daemon.bootstrap.GradleDaemon 8.14

Host: Intel(R) Core(TM) i5-8350U CPU @ 1.70GHz, 8 cores, 7G,  Windows 10 , 64 bit Build 19041 (10.0.19041.5915)
Time: Sun Apr 26 00:47:54 2026 W. Central Africa Standard Time elapsed time: 165.247166 seconds (0d 0h 2m 45s)

---------------  T H R E A D  ---------------

Current thread (0x000002227fd92b80):  JavaThread "C2 CompilerThread0" daemon [_thread_in_native, id=14664, stack(0x000000bb77b00000,0x000000bb77c00000) (1024K)]


Current CompileTask:
C2:165247 21558       4       org.jetbrains.kotlin.protobuf.LazyStringArrayList::get (6 bytes)

Stack: [0x000000bb77b00000,0x000000bb77c00000]
Native frames: (J=compiled Java code, j=interpreted, Vv=VM code, C=native code)
V  [jvm.dll+0x730829]  (no source info available)
V  [jvm.dll+0x8d9da3]  (no source info available)
V  [jvm.dll+0x8dc28d]  (no source info available)
V  [jvm.dll+0x8dc903]  (no source info available)
V  [jvm.dll+0x2a9f56]  (no source info available)
V  [jvm.dll+0xced7f]  (no source info available)
V  [jvm.dll+0xcefdf]  (no source info available)
V  [jvm.dll+0x154c83]  (no source info available)
V  [jvm.dll+0x73604f]  (no source info available)
V  [jvm.dll+0x26f8dc]  (no source info available)
V  [jvm.dll+0x26e8ff]  (no source info available)
V  [jvm.dll+0x1e9c90]  (no source info available)
V  [jvm.dll+0x27e0cb]  (no source info available)
V  [jvm.dll+0x27c36a]  (no source info available)
V  [jvm.dll+0x42f396]  (no source info available)
V  [jvm.dll+0x87d9eb]  (no source info available)
V  [jvm.dll+0x72ef45]  (no source info available)
C  [ucrtbase.dll+0x21bb2]  (no source info available)
C  [KERNEL32.DLL+0x17374]  (no source info available)
C  [ntdll.dll+0x4cc91]  (no source info available)

Lock stack of current Java thread (top to bottom):


---------------  P R O C E S S  ---------------

Threads class SMR info:
_java_thread_list=0x0000022283cfc430, length=65, elements={
0x000002227e1e5ec0, 0x000002227fd66a20, 0x000002227fd67620, 0x000002227fd6db70,
0x000002227fd8e6b0, 0x000002227fd911f0, 0x000002227fd91d20, 0x000002227fd92b80,
0x000002227fdadaf0, 0x00000222791bd1c0, 0x00000222792531c0, 0x000002227ab98e40,
0x000002227aaa18f0, 0x000002227aac0df0, 0x000002227aef76a0, 0x000002227af07f40,
0x000002227af077f0, 0x000002227af08de0, 0x000002227af070a0, 0x000002227af08690,
0x000002227af09530, 0x000002227af09c80, 0x000002227af06950, 0x000002227adde280,
0x000002227addffc0, 0x000002227addf870, 0x000002227ade0710, 0x000002227adde9d0,
0x000002227ade32f0, 0x000002227ade4190, 0x000002227ade15b0, 0x000002227ade1d00,
0x000002227ade2ba0, 0x000002227ade5030, 0x000002227ade5780, 0x0000022280ee71a0,
0x0000022280ee4d10, 0x0000022280eea4d0, 0x0000022280eeac20, 0x000002227ade3a40,
0x0000022281724670, 0x00000222817237d0, 0x0000022282f70400, 0x0000022282f6f560,
0x0000022282f72fe0, 0x0000022282f70b50, 0x0000022282f712a0, 0x0000022282f73730,
0x0000022282f6d820, 0x0000022282f72140, 0x0000022282f6e6c0, 0x0000022282f72890,
0x0000022282f6c980, 0x0000022282f6df70, 0x0000022282f6d0d0, 0x0000022280ee8040,
0x0000022281ad0310, 0x0000022281ad3d90, 0x0000022281ad1900, 0x0000022281acfbc0,
0x0000022281ad27a0, 0x0000022281acf470, 0x0000022281ad2ef0, 0x0000022281ad11b0,
0x000002227ade2450
}

Java Threads: ( => current thread )
  0x000002227e1e5ec0 JavaThread "main"                              [_thread_blocked, id=16168, stack(0x000000bb76d00000,0x000000bb76e00000) (1024K)]
  0x000002227fd66a20 JavaThread "Reference Handler"          daemon [_thread_blocked, id=25880, stack(0x000000bb77500000,0x000000bb77600000) (1024K)]
  0x000002227fd67620 JavaThread "Finalizer"                  daemon [_thread_blocked, id=7552, stack(0x000000bb77600000,0x000000bb77700000) (1024K)]
  0x000002227fd6db70 JavaThread "Signal Dispatcher"          daemon [_thread_blocked, id=17236, stack(0x000000bb77700000,0x000000bb77800000) (1024K)]
  0x000002227fd8e6b0 JavaThread "Attach Listener"            daemon [_thread_blocked, id=14300, stack(0x000000bb77800000,0x000000bb77900000) (1024K)]
  0x000002227fd911f0 JavaThread "Service Thread"             daemon [_thread_blocked, id=12668, stack(0x000000bb77900000,0x000000bb77a00000) (1024K)]
  0x000002227fd91d20 JavaThread "Monitor Deflation Thread"   daemon [_thread_blocked, id=10444, stack(0x000000bb77a00000,0x000000bb77b00000) (1024K)]
=>0x000002227fd92b80 JavaThread "C2 CompilerThread0"         daemon [_thread_in_native, id=14664, stack(0x000000bb77b00000,0x000000bb77c00000) (1024K)]
  0x000002227fdadaf0 JavaThread "C1 CompilerThread0"         daemon [_thread_blocked, id=21744, stack(0x000000bb77c00000,0x000000bb77d00000) (1024K)]
  0x00000222791bd1c0 JavaThread "Common-Cleaner"             daemon [_thread_blocked, id=21656, stack(0x000000bb77d00000,0x000000bb77e00000) (1024K)]
  0x00000222792531c0 JavaThread "Notification Thread"        daemon [_thread_blocked, id=25804, stack(0x000000bb77e00000,0x000000bb77f00000) (1024K)]
  0x000002227ab98e40 JavaThread "Daemon health stats"               [_thread_blocked, id=6260, stack(0x000000bb78100000,0x000000bb78200000) (1024K)]
  0x000002227aaa18f0 JavaThread "Incoming local TCP Connector on port 55945"        [_thread_in_native, id=5884, stack(0x000000bb78200000,0x000000bb78300000) (1024K)]
  0x000002227aac0df0 JavaThread "Daemon periodic checks"            [_thread_blocked, id=17704, stack(0x000000bb78300000,0x000000bb78400000) (1024K)]
  0x000002227aef76a0 JavaThread "Daemon"                            [_thread_blocked, id=20948, stack(0x000000bb78400000,0x000000bb78500000) (1024K)]
  0x000002227af07f40 JavaThread "Handler for socket connection from /127.0.0.1:55945 to /127.0.0.1:55948"        [_thread_in_native, id=17376, stack(0x000000bb78500000,0x000000bb78600000) (1024K)]
  0x000002227af077f0 JavaThread "Cancel handler"                    [_thread_blocked, id=9480, stack(0x000000bb78600000,0x000000bb78700000) (1024K)]
  0x000002227af08de0 JavaThread "Daemon worker"                     [_thread_in_Java, id=25180, stack(0x000000bb78700000,0x000000bb78800000) (1024K)]
  0x000002227af070a0 JavaThread "Asynchronous log dispatcher for DefaultDaemonConnection: socket connection from /127.0.0.1:55945 to /127.0.0.1:55948"        [_thread_blocked, id=21408, stack(0x000000bb78800000,0x000000bb78900000) (1024K)]
  0x000002227af08690 JavaThread "Stdin handler"                     [_thread_blocked, id=18892, stack(0x000000bb78900000,0x000000bb78a00000) (1024K)]
  0x000002227af09530 JavaThread "Daemon client event forwarder"        [_thread_blocked, id=25468, stack(0x000000bb78a00000,0x000000bb78b00000) (1024K)]
  0x000002227af09c80 JavaThread "Cache worker for journal cache (C:\Users\Bradford Nfor\.gradle\caches\journal-1)"        [_thread_blocked, id=24008, stack(0x000000bb79000000,0x000000bb79100000) (1024K)]
  0x000002227af06950 JavaThread "File lock request listener"        [_thread_in_native, id=4044, stack(0x000000bb79100000,0x000000bb79200000) (1024K)]
  0x000002227adde280 JavaThread "Cache worker for file hash cache (C:\Users\Bradford Nfor\.gradle\caches\8.14\fileHashes)"        [_thread_blocked, id=18172, stack(0x000000bb79200000,0x000000bb79300000) (1024K)]
  0x000002227addffc0 JavaThread "Cache worker for file hash cache (C:\Users\Bradford Nfor\OneDrive\Desktop\my projects\final_year_project\frontend\android\.gradle\8.14\fileHashes)"        [_thread_blocked, id=408, stack(0x000000bb79400000,0x000000bb79500000) (1024K)]
  0x000002227addf870 JavaThread "Cache worker for Build Output Cleanup Cache (C:\Users\Bradford Nfor\OneDrive\Desktop\my projects\final_year_project\frontend\android\.gradle\buildOutputCleanup)"        [_thread_blocked, id=3140, stack(0x000000bb79500000,0x000000bb79600000) (1024K)]
  0x000002227ade0710 JavaThread "File watcher server"        daemon [_thread_in_native, id=25816, stack(0x000000bb79600000,0x000000bb79700000) (1024K)]
  0x000002227adde9d0 JavaThread "File watcher consumer"      daemon [_thread_blocked, id=18180, stack(0x000000bb79700000,0x000000bb79800000) (1024K)]
  0x000002227ade32f0 JavaThread "jar transforms"                    [_thread_blocked, id=26448, stack(0x000000bb79800000,0x000000bb79900000) (1024K)]
  0x000002227ade4190 JavaThread "jar transforms Thread 2"           [_thread_blocked, id=26556, stack(0x000000bb79900000,0x000000bb79a00000) (1024K)]
  0x000002227ade15b0 JavaThread "jar transforms Thread 3"           [_thread_blocked, id=18208, stack(0x000000bb79a00000,0x000000bb79b00000) (1024K)]
  0x000002227ade1d00 JavaThread "jar transforms Thread 4"           [_thread_blocked, id=14656, stack(0x000000bb79b00000,0x000000bb79c00000) (1024K)]
  0x000002227ade2ba0 JavaThread "jar transforms Thread 5"           [_thread_blocked, id=15560, stack(0x000000bb79c00000,0x000000bb79d00000) (1024K)]
  0x000002227ade5030 JavaThread "Cache worker for checksums cache (C:\Users\Bradford Nfor\OneDrive\Desktop\my projects\final_year_project\frontend\android\.gradle\8.14\checksums)"        [_thread_blocked, id=1776, stack(0x000000bb79d00000,0x000000bb79e00000) (1024K)]
  0x000002227ade5780 JavaThread "Cache worker for file content cache (C:\Users\Bradford Nfor\.gradle\caches\8.14\fileContent)"        [_thread_blocked, id=14892, stack(0x000000bb79e00000,0x000000bb79f00000) (1024K)]
  0x0000022280ee71a0 JavaThread "jar transforms Thread 6"           [_thread_blocked, id=5588, stack(0x000000bb79f00000,0x000000bb7a000000) (1024K)]
  0x0000022280ee4d10 JavaThread "jar transforms Thread 7"           [_thread_blocked, id=27140, stack(0x000000bb7a000000,0x000000bb7a100000) (1024K)]
  0x0000022280eea4d0 JavaThread "jar transforms Thread 8"           [_thread_blocked, id=16408, stack(0x000000bb7a100000,0x000000bb7a200000) (1024K)]
  0x0000022280eeac20 JavaThread "Cache worker for cache directory md-supplier (C:\Users\Bradford Nfor\.gradle\caches\8.14\md-supplier)"        [_thread_blocked, id=8300, stack(0x000000bb76b00000,0x000000bb76c00000) (1024K)]
  0x000002227ade3a40 JavaThread "Cache worker for cache directory md-rule (C:\Users\Bradford Nfor\.gradle\caches\8.14\md-rule)"        [_thread_blocked, id=19300, stack(0x000000bb76c00000,0x000000bb76d00000) (1024K)]
  0x0000022281724670 JavaThread "Cache worker for Build Output Cleanup Cache (C:\src\flutter\packages\flutter_tools\gradle\.gradle\buildOutputCleanup)"        [_thread_blocked, id=3204, stack(0x000000bb7a200000,0x000000bb7a300000) (1024K)]
  0x00000222817237d0 JavaThread "Kotlin DSL Writer"                 [_thread_blocked, id=19168, stack(0x000000bb76a00000,0x000000bb76b00000) (1024K)]
  0x0000022282f70400 JavaThread "Unconstrained build operations"        [_thread_blocked, id=21076, stack(0x000000bb7a500000,0x000000bb7a600000) (1024K)]
  0x0000022282f6f560 JavaThread "Unconstrained build operations Thread 2"        [_thread_blocked, id=3348, stack(0x000000bb7a600000,0x000000bb7a700000) (1024K)]
  0x0000022282f72fe0 JavaThread "Unconstrained build operations Thread 3"        [_thread_blocked, id=24792, stack(0x000000bb7a700000,0x000000bb7a800000) (1024K)]
  0x0000022282f70b50 JavaThread "Unconstrained build operations Thread 4"        [_thread_blocked, id=12900, stack(0x000000bb7a800000,0x000000bb7a900000) (1024K)]
  0x0000022282f712a0 JavaThread "Unconstrained build operations Thread 5"        [_thread_blocked, id=6532, stack(0x000000bb7a900000,0x000000bb7aa00000) (1024K)]
  0x0000022282f73730 JavaThread "Unconstrained build operations Thread 6"        [_thread_blocked, id=4756, stack(0x000000bb7aa00000,0x000000bb7ab00000) (1024K)]
  0x0000022282f6d820 JavaThread "Unconstrained build operations Thread 7"        [_thread_blocked, id=2636, stack(0x000000bb7ab00000,0x000000bb7ac00000) (1024K)]
  0x0000022282f72140 JavaThread "Unconstrained build operations Thread 8"        [_thread_blocked, id=9196, stack(0x000000bb7ac00000,0x000000bb7ad00000) (1024K)]
  0x0000022282f6e6c0 JavaThread "Unconstrained build operations Thread 9"        [_thread_blocked, id=23888, stack(0x000000bb7ad00000,0x000000bb7ae00000) (1024K)]
  0x0000022282f72890 JavaThread "Unconstrained build operations Thread 10"        [_thread_blocked, id=21884, stack(0x000000bb7ae00000,0x000000bb7af00000) (1024K)]
  0x0000022282f6c980 JavaThread "Unconstrained build operations Thread 11"        [_thread_blocked, id=22372, stack(0x000000bb7af00000,0x000000bb7b000000) (1024K)]
  0x0000022282f6df70 JavaThread "Unconstrained build operations Thread 12"        [_thread_blocked, id=12416, stack(0x000000bb7b000000,0x000000bb7b100000) (1024K)]
  0x0000022282f6d0d0 JavaThread "Unconstrained build operations Thread 13"        [_thread_blocked, id=14516, stack(0x000000bb7b100000,0x000000bb7b200000) (1024K)]
  0x0000022280ee8040 JavaThread "Unconstrained build operations Thread 14"        [_thread_blocked, id=6320, stack(0x000000bb7b200000,0x000000bb7b300000) (1024K)]
  0x0000022281ad0310 JavaThread "Unconstrained build operations Thread 15"        [_thread_blocked, id=23404, stack(0x000000bb7b300000,0x000000bb7b400000) (1024K)]
  0x0000022281ad3d90 JavaThread "Unconstrained build operations Thread 16"        [_thread_blocked, id=17360, stack(0x000000bb7b400000,0x000000bb7b500000) (1024K)]
  0x0000022281ad1900 JavaThread "Unconstrained build operations Thread 17"        [_thread_blocked, id=23652, stack(0x000000bb7b500000,0x000000bb7b600000) (1024K)]
  0x0000022281acfbc0 JavaThread "Unconstrained build operations Thread 18"        [_thread_blocked, id=20152, stack(0x000000bb7b600000,0x000000bb7b700000) (1024K)]
  0x0000022281ad27a0 JavaThread "Unconstrained build operations Thread 19"        [_thread_blocked, id=27012, stack(0x000000bb7b700000,0x000000bb7b800000) (1024K)]
  0x0000022281acf470 JavaThread "Unconstrained build operations Thread 20"        [_thread_blocked, id=9704, stack(0x000000bb7b800000,0x000000bb7b900000) (1024K)]
  0x0000022281ad2ef0 JavaThread "Unconstrained build operations Thread 21"        [_thread_blocked, id=25112, stack(0x000000bb7b900000,0x000000bb7ba00000) (1024K)]
  0x0000022281ad11b0 JavaThread "Memory manager"                    [_thread_blocked, id=1984, stack(0x000000bb7a300000,0x000000bb7a400000) (1024K)]
  0x000002227ade2450 JavaThread "build event listener"              [_thread_blocked, id=17280, stack(0x000000bb7bc00000,0x000000bb7bd00000) (1024K)]
Total: 65

Other Threads:
  0x000002227fd59790 VMThread "VM Thread"                           [id=7576, stack(0x000000bb77400000,0x000000bb77500000) (1024K)]
  0x000002227fc271a0 WatcherThread "VM Periodic Task Thread"        [id=22844, stack(0x000000bb77300000,0x000000bb77400000) (1024K)]
  0x000002227e292190 WorkerThread "GC Thread#0"                     [id=12676, stack(0x000000bb76e00000,0x000000bb76f00000) (1024K)]
  0x000002227a0c6b40 WorkerThread "GC Thread#1"                     [id=12664, stack(0x000000bb77f00000,0x000000bb78000000) (1024K)]
  0x000002227a11eeb0 WorkerThread "GC Thread#2"                     [id=12672, stack(0x000000bb78000000,0x000000bb78100000) (1024K)]
  0x000002227ac6fec0 WorkerThread "GC Thread#3"                     [id=23060, stack(0x000000bb78b00000,0x000000bb78c00000) (1024K)]
  0x000002227ae60600 WorkerThread "GC Thread#4"                     [id=19340, stack(0x000000bb78c00000,0x000000bb78d00000) (1024K)]
  0x000002227ae609b0 WorkerThread "GC Thread#5"                     [id=13544, stack(0x000000bb78d00000,0x000000bb78e00000) (1024K)]
  0x000002227af1c310 WorkerThread "GC Thread#6"                     [id=21788, stack(0x000000bb78e00000,0x000000bb78f00000) (1024K)]
  0x000002227af76f80 WorkerThread "GC Thread#7"                     [id=11100, stack(0x000000bb78f00000,0x000000bb79000000) (1024K)]
  0x000002227e2a70f0 ConcurrentGCThread "G1 Main Marker"            [id=10348, stack(0x000000bb76f00000,0x000000bb77000000) (1024K)]
  0x000002227e2a82b0 WorkerThread "G1 Conc#0"                       [id=22564, stack(0x000000bb77000000,0x000000bb77100000) (1024K)]
  0x000002227af75960 WorkerThread "G1 Conc#1"                       [id=14424, stack(0x000000bb79300000,0x000000bb79400000) (1024K)]
  0x000002227fc19d40 ConcurrentGCThread "G1 Refine#0"               [id=6104, stack(0x000000bb77100000,0x000000bb77200000) (1024K)]
  0x000002227fc1b7e0 ConcurrentGCThread "G1 Service"                [id=17932, stack(0x000000bb77200000,0x000000bb77300000) (1024K)]
Total: 15

Threads with active compile tasks:
C2 CompilerThread0  166430 21558       4       org.jetbrains.kotlin.protobuf.LazyStringArrayList::get (6 bytes)
Total: 1

VM state: not at safepoint (normal execution)

VM Mutex/Monitor currently owned by a thread: None

Heap address: 0x0000000600000000, size: 8192 MB, Compressed Oops mode: Zero based, Oop shift amount: 3

CDS archive(s) mapped at: [0x0000022234000000-0x0000022234d40000-0x0000022234d40000), size 13893632, SharedBaseAddress: 0x0000022234000000, ArchiveRelocationMode: 1.
Compressed class space mapped at: 0x0000022235000000-0x0000022275000000, reserved size: 1073741824
UseCompressedClassPointers 1, UseCompactObjectHeaders 0
Narrow klass pointer bits 32, Max shift 3
Narrow klass base: 0x0000022234000000, Narrow klass shift: 0
Encoding Range: [0x0000022234000000 - 0x0000022334000000), (4294967296 bytes)
Klass Range:    [0x0000022234000000 - 0x0000022275000000), (1090519040 bytes)
Klass ID Range:  [8 - 1090519033) (1090519025)

GC Precious Log:
 CardTable entry size: 512
 Card Set container configuration: InlinePtr #cards 4 size 8 Array Of Cards #cards 32 size 80 Howl #buckets 8 coarsen threshold 7372 Howl Bitmap #cards 1024 size 144 coarsen threshold 921 Card regions per heap region 1 cards per card region 8192
 CPUs: 8 total, 8 available
 Memory: 8035M
 Large Page Support: Disabled
 NUMA Support: Disabled
 Compressed Oops: Enabled (Zero based)
 Heap Region Size: 4M
 Heap Min Capacity: 8M
 Heap Initial Capacity: 128M
 Heap Max Capacity: 8G
 Pre-touch: Disabled
 Parallel Workers: 8
 Concurrent Workers: 2
 Concurrent Refinement Workers: 8
 Periodic GC: Disabled

Heap:
 garbage-first heap   total reserved 8388608K, committed 1978368K, used 315643K [0x0000000600000000, 0x0000000800000000)
  region size 4096K, 32 young (131072K), 2 survivors (8192K)
 Metaspace       used 149007K, committed 151616K, reserved 1245184K
  class space    used 16191K, committed 17408K, reserved 1048576K

Heap Regions: E=young(eden), S=young(survivor), O=old, HS=humongous(starts), HC=humongous(continues), CS=collection set, F=free, TAMS=top-at-mark-start, PB=parsable bottom
|   0|0x0000000600000000, 0x0000000600400000, 0x0000000600400000|100%|HS|  |TAMS 0x0000000600000000| PB 0x0000000600000000| Complete |  0
|   1|0x0000000600400000, 0x0000000600800000, 0x0000000600800000|100%| O|  |TAMS 0x0000000600400000| PB 0x0000000600400000| Untracked |  0
|   2|0x0000000600800000, 0x0000000600c00000, 0x0000000600c00000|100%| O|  |TAMS 0x0000000600800000| PB 0x0000000600800000| Untracked |  0
|   3|0x0000000600c00000, 0x0000000601000000, 0x0000000601000000|100%| O|  |TAMS 0x0000000600c00000| PB 0x0000000600c00000| Untracked |  0
|   4|0x0000000601000000, 0x0000000601400000, 0x0000000601400000|100%| O|  |TAMS 0x0000000601000000| PB 0x0000000601000000| Untracked |  0
|   5|0x0000000601400000, 0x0000000601800000, 0x0000000601800000|100%| O|  |TAMS 0x0000000601400000| PB 0x0000000601400000| Untracked |  0
|   6|0x0000000601800000, 0x0000000601c00000, 0x0000000601c00000|100%| O|  |TAMS 0x0000000601800000| PB 0x0000000601800000| Untracked |  0
|   7|0x0000000601c00000, 0x0000000602000000, 0x0000000602000000|100%| O|  |TAMS 0x0000000601c00000| PB 0x0000000601c00000| Untracked |  0
|   8|0x0000000602000000, 0x0000000602400000, 0x0000000602400000|100%| O|  |TAMS 0x0000000602000000| PB 0x0000000602000000| Untracked |  0
|   9|0x0000000602400000, 0x0000000602800000, 0x0000000602800000|100%| O|  |TAMS 0x0000000602400000| PB 0x0000000602400000| Untracked |  0
|  10|0x0000000602800000, 0x0000000602c00000, 0x0000000602c00000|100%| O|  |TAMS 0x0000000602800000| PB 0x0000000602800000| Untracked |  0
|  11|0x0000000602c00000, 0x0000000603000000, 0x0000000603000000|100%| O|  |TAMS 0x0000000602c00000| PB 0x0000000602c00000| Untracked |  0
|  12|0x0000000603000000, 0x0000000603400000, 0x0000000603400000|100%| O|  |TAMS 0x0000000603000000| PB 0x0000000603000000| Untracked |  0
|  13|0x0000000603400000, 0x0000000603800000, 0x0000000603800000|100%|HS|  |TAMS 0x0000000603400000| PB 0x0000000603400000| Complete |  0
|  14|0x0000000603800000, 0x0000000603c00000, 0x0000000603c00000|100%| O|  |TAMS 0x0000000603800000| PB 0x0000000603800000| Untracked |  0
|  15|0x0000000603c00000, 0x0000000604000000, 0x0000000604000000|100%| O|  |TAMS 0x0000000603c00000| PB 0x0000000603c00000| Untracked |  0
|  16|0x0000000604000000, 0x0000000604400000, 0x0000000604400000|100%| O|  |TAMS 0x0000000604000000| PB 0x0000000604000000| Untracked |  0
|  17|0x0000000604400000, 0x0000000604800000, 0x0000000604800000|100%| O|  |TAMS 0x0000000604400000| PB 0x0000000604400000| Untracked |  0
|  18|0x0000000604800000, 0x0000000604c00000, 0x0000000604c00000|100%| O|  |TAMS 0x0000000604800000| PB 0x0000000604800000| Untracked |  0
|  19|0x0000000604c00000, 0x0000000605000000, 0x0000000605000000|100%| O|  |TAMS 0x0000000604c00000| PB 0x0000000604c00000| Untracked |  0
|  20|0x0000000605000000, 0x0000000605400000, 0x0000000605400000|100%|HS|  |TAMS 0x0000000605000000| PB 0x0000000605000000| Complete |  0
|  21|0x0000000605400000, 0x0000000605800000, 0x0000000605800000|100%|HC|  |TAMS 0x0000000605400000| PB 0x0000000605400000| Complete |  0
|  22|0x0000000605800000, 0x0000000605c00000, 0x0000000605c00000|100%| O|  |TAMS 0x0000000605800000| PB 0x0000000605800000| Untracked |  0
|  23|0x0000000605c00000, 0x0000000606000000, 0x0000000606000000|100%| O|  |TAMS 0x0000000605c00000| PB 0x0000000605c00000| Untracked |  0
|  24|0x0000000606000000, 0x0000000606400000, 0x0000000606400000|100%| O|  |TAMS 0x0000000606000000| PB 0x0000000606000000| Untracked |  0
|  25|0x0000000606400000, 0x0000000606800000, 0x0000000606800000|100%| O|  |TAMS 0x0000000606400000| PB 0x0000000606400000| Untracked |  0
|  26|0x0000000606800000, 0x0000000606c00000, 0x0000000606c00000|100%| O|  |TAMS 0x0000000606800000| PB 0x0000000606800000| Untracked |  0
|  27|0x0000000606c00000, 0x0000000607000000, 0x0000000607000000|100%| O|  |TAMS 0x0000000606c00000| PB 0x0000000606c00000| Untracked |  0
|  28|0x0000000607000000, 0x0000000607400000, 0x0000000607400000|100%| O|  |TAMS 0x0000000607000000| PB 0x0000000607000000| Untracked |  0
|  29|0x0000000607400000, 0x0000000607800000, 0x0000000607800000|100%| O|  |TAMS 0x0000000607400000| PB 0x0000000607400000| Untracked |  0
|  30|0x0000000607800000, 0x0000000607c00000, 0x0000000607c00000|100%| O|  |TAMS 0x0000000607800000| PB 0x0000000607800000| Untracked |  0
|  31|0x0000000607c00000, 0x0000000608000000, 0x0000000608000000|100%| O|  |TAMS 0x0000000607c00000| PB 0x0000000607c00000| Untracked |  0
|  32|0x0000000608000000, 0x0000000608400000, 0x0000000608400000|100%| O|  |TAMS 0x0000000608000000| PB 0x0000000608000000| Untracked |  0
|  33|0x0000000608400000, 0x0000000608800000, 0x0000000608800000|100%| O|  |TAMS 0x0000000608400000| PB 0x0000000608400000| Untracked |  0
|  34|0x0000000608800000, 0x0000000608c00000, 0x0000000608c00000|100%| O|  |TAMS 0x0000000608800000| PB 0x0000000608800000| Untracked |  0
|  35|0x0000000608c00000, 0x0000000609000000, 0x0000000609000000|100%| O|  |TAMS 0x0000000608c00000| PB 0x0000000608c00000| Untracked |  0
|  36|0x0000000609000000, 0x0000000609400000, 0x0000000609400000|100%| O|  |TAMS 0x0000000609000000| PB 0x0000000609000000| Untracked |  0
|  37|0x0000000609400000, 0x0000000609800000, 0x0000000609800000|100%| O|  |TAMS 0x0000000609400000| PB 0x0000000609400000| Untracked |  0
|  38|0x0000000609800000, 0x0000000609c00000, 0x0000000609c00000|100%| O|  |TAMS 0x0000000609800000| PB 0x0000000609800000| Untracked |  0
|  39|0x0000000609c00000, 0x000000060a000000, 0x000000060a000000|100%| O|  |TAMS 0x0000000609c00000| PB 0x0000000609c00000| Untracked |  0
|  40|0x000000060a000000, 0x000000060a400000, 0x000000060a400000|100%| O|  |TAMS 0x000000060a000000| PB 0x000000060a000000| Untracked |  0
|  41|0x000000060a400000, 0x000000060a800000, 0x000000060a800000|100%| O|  |TAMS 0x000000060a400000| PB 0x000000060a400000| Untracked |  0
|  42|0x000000060a800000, 0x000000060ac00000, 0x000000060ac00000|100%| O|  |TAMS 0x000000060a800000| PB 0x000000060a800000| Untracked |  0
|  43|0x000000060ac00000, 0x000000060b000000, 0x000000060b000000|100%| O|  |TAMS 0x000000060ac00000| PB 0x000000060ac00000| Untracked |  0
|  44|0x000000060b000000, 0x000000060b400000, 0x000000060b400000|100%|HS|  |TAMS 0x000000060b000000| PB 0x000000060b000000| Complete |  0
|  45|0x000000060b400000, 0x000000060b800000, 0x000000060b800000|100%| O|  |TAMS 0x000000060b400000| PB 0x000000060b400000| Untracked |  0
|  46|0x000000060b800000, 0x000000060bb10008, 0x000000060bc00000| 76%| O|  |TAMS 0x000000060b800000| PB 0x000000060b800000| Untracked |  0
|  47|0x000000060bc00000, 0x000000060bc00000, 0x000000060c000000|  0%| F|  |TAMS 0x000000060bc00000| PB 0x000000060bc00000| Untracked |  0
|  48|0x000000060c000000, 0x000000060c000000, 0x000000060c400000|  0%| F|  |TAMS 0x000000060c000000| PB 0x000000060c000000| Untracked |  0
|  49|0x000000060c400000, 0x000000060c400000, 0x000000060c800000|  0%| F|  |TAMS 0x000000060c400000| PB 0x000000060c400000| Untracked |  0
|  50|0x000000060c800000, 0x000000060c800000, 0x000000060cc00000|  0%| F|  |TAMS 0x000000060c800000| PB 0x000000060c800000| Untracked |  0
|  51|0x000000060cc00000, 0x000000060cc00000, 0x000000060d000000|  0%| F|  |TAMS 0x000000060cc00000| PB 0x000000060cc00000| Untracked |  0
|  52|0x000000060d000000, 0x000000060d000000, 0x000000060d400000|  0%| F|  |TAMS 0x000000060d000000| PB 0x000000060d000000| Untracked |  0
|  53|0x000000060d400000, 0x000000060d400000, 0x000000060d800000|  0%| F|  |TAMS 0x000000060d400000| PB 0x000000060d400000| Untracked |  0
|  54|0x000000060d800000, 0x000000060d800000, 0x000000060dc00000|  0%| F|  |TAMS 0x000000060d800000| PB 0x000000060d800000| Untracked |  0
|  55|0x000000060dc00000, 0x000000060dc00000, 0x000000060e000000|  0%| F|  |TAMS 0x000000060dc00000| PB 0x000000060dc00000| Untracked |  0
|  56|0x000000060e000000, 0x000000060e000000, 0x000000060e400000|  0%| F|  |TAMS 0x000000060e000000| PB 0x000000060e000000| Untracked |  0
|  57|0x000000060e400000, 0x000000060e400000, 0x000000060e800000|  0%| F|  |TAMS 0x000000060e400000| PB 0x000000060e400000| Untracked |  0
|  58|0x000000060e800000, 0x000000060e800000, 0x000000060ec00000|  0%| F|  |TAMS 0x000000060e800000| PB 0x000000060e800000| Untracked |  0
|  59|0x000000060ec00000, 0x000000060ec00000, 0x000000060f000000|  0%| F|  |TAMS 0x000000060ec00000| PB 0x000000060ec00000| Untracked |  0
|  60|0x000000060f000000, 0x000000060f000000, 0x000000060f400000|  0%| F|  |TAMS 0x000000060f000000| PB 0x000000060f000000| Untracked |  0
|  61|0x000000060f400000, 0x000000060f400000, 0x000000060f800000|  0%| F|  |TAMS 0x000000060f400000| PB 0x000000060f400000| Untracked |  0
|  62|0x000000060f800000, 0x000000060f800000, 0x000000060fc00000|  0%| F|  |TAMS 0x000000060f800000| PB 0x000000060f800000| Untracked |  0
|  63|0x000000060fc00000, 0x000000060fc00000, 0x0000000610000000|  0%| F|  |TAMS 0x000000060fc00000| PB 0x000000060fc00000| Untracked |  0
|  64|0x0000000610000000, 0x0000000610000000, 0x0000000610400000|  0%| F|  |TAMS 0x0000000610000000| PB 0x0000000610000000| Untracked |  0
|  65|0x0000000610400000, 0x0000000610400000, 0x0000000610800000|  0%| F|  |TAMS 0x0000000610400000| PB 0x0000000610400000| Untracked |  0
|  66|0x0000000610800000, 0x0000000610800000, 0x0000000610c00000|  0%| F|  |TAMS 0x0000000610800000| PB 0x0000000610800000| Untracked |  0
|  67|0x0000000610c00000, 0x0000000610c00000, 0x0000000611000000|  0%| F|  |TAMS 0x0000000610c00000| PB 0x0000000610c00000| Untracked |  0
|  68|0x0000000611000000, 0x0000000611000000, 0x0000000611400000|  0%| F|  |TAMS 0x0000000611000000| PB 0x0000000611000000| Untracked |  0
|  69|0x0000000611400000, 0x0000000611400000, 0x0000000611800000|  0%| F|  |TAMS 0x0000000611400000| PB 0x0000000611400000| Untracked |  0
|  70|0x0000000611800000, 0x0000000611800000, 0x0000000611c00000|  0%| F|  |TAMS 0x0000000611800000| PB 0x0000000611800000| Untracked |  0
|  71|0x0000000611c00000, 0x0000000611c00000, 0x0000000612000000|  0%| F|  |TAMS 0x0000000611c00000| PB 0x0000000611c00000| Untracked |  0
|  72|0x0000000612000000, 0x0000000612000000, 0x0000000612400000|  0%| F|  |TAMS 0x0000000612000000| PB 0x0000000612000000| Untracked |  0
|  73|0x0000000612400000, 0x0000000612400000, 0x0000000612800000|  0%| F|  |TAMS 0x0000000612400000| PB 0x0000000612400000| Untracked |  0
|  74|0x0000000612800000, 0x0000000612800000, 0x0000000612c00000|  0%| F|  |TAMS 0x0000000612800000| PB 0x0000000612800000| Untracked |  0
|  75|0x0000000612c00000, 0x0000000612c00000, 0x0000000613000000|  0%| F|  |TAMS 0x0000000612c00000| PB 0x0000000612c00000| Untracked |  0
|  76|0x0000000613000000, 0x0000000613000000, 0x0000000613400000|  0%| F|  |TAMS 0x0000000613000000| PB 0x0000000613000000| Untracked |  0
|  77|0x0000000613400000, 0x0000000613400000, 0x0000000613800000|  0%| F|  |TAMS 0x0000000613400000| PB 0x0000000613400000| Untracked |  0
|  78|0x0000000613800000, 0x0000000613800000, 0x0000000613c00000|  0%| F|  |TAMS 0x0000000613800000| PB 0x0000000613800000| Untracked |  0
|  79|0x0000000613c00000, 0x0000000613c00000, 0x0000000614000000|  0%| F|  |TAMS 0x0000000613c00000| PB 0x0000000613c00000| Untracked |  0
|  80|0x0000000614000000, 0x0000000614000000, 0x0000000614400000|  0%| F|  |TAMS 0x0000000614000000| PB 0x0000000614000000| Untracked |  0
|  81|0x0000000614400000, 0x0000000614400000, 0x0000000614800000|  0%| F|  |TAMS 0x0000000614400000| PB 0x0000000614400000| Untracked |  0
|  82|0x0000000614800000, 0x0000000614800000, 0x0000000614c00000|  0%| F|  |TAMS 0x0000000614800000| PB 0x0000000614800000| Untracked |  0
|  83|0x0000000614c00000, 0x0000000614c00000, 0x0000000615000000|  0%| F|  |TAMS 0x0000000614c00000| PB 0x0000000614c00000| Untracked |  0
|  84|0x0000000615000000, 0x0000000615000000, 0x0000000615400000|  0%| F|  |TAMS 0x0000000615000000| PB 0x0000000615000000| Untracked |  0
|  85|0x0000000615400000, 0x0000000615400000, 0x0000000615800000|  0%| F|  |TAMS 0x0000000615400000| PB 0x0000000615400000| Untracked |  0
|  86|0x0000000615800000, 0x0000000615800000, 0x0000000615c00000|  0%| F|  |TAMS 0x0000000615800000| PB 0x0000000615800000| Untracked |  0
|  87|0x0000000615c00000, 0x0000000615c00000, 0x0000000616000000|  0%| F|  |TAMS 0x0000000615c00000| PB 0x0000000615c00000| Untracked |  0
|  88|0x0000000616000000, 0x0000000616000000, 0x0000000616400000|  0%| F|  |TAMS 0x0000000616000000| PB 0x0000000616000000| Untracked |  0
|  89|0x0000000616400000, 0x0000000616400000, 0x0000000616800000|  0%| F|  |TAMS 0x0000000616400000| PB 0x0000000616400000| Untracked |  0
|  90|0x0000000616800000, 0x0000000616800000, 0x0000000616c00000|  0%| F|  |TAMS 0x0000000616800000| PB 0x0000000616800000| Untracked |  0
|  91|0x0000000616c00000, 0x0000000616c00000, 0x0000000617000000|  0%| F|  |TAMS 0x0000000616c00000| PB 0x0000000616c00000| Untracked |  0
|  92|0x0000000617000000, 0x0000000617000000, 0x0000000617400000|  0%| F|  |TAMS 0x0000000617000000| PB 0x0000000617000000| Untracked |  0
|  93|0x0000000617400000, 0x0000000617400000, 0x0000000617800000|  0%| F|  |TAMS 0x0000000617400000| PB 0x0000000617400000| Untracked |  0
|  94|0x0000000617800000, 0x0000000617800000, 0x0000000617c00000|  0%| F|  |TAMS 0x0000000617800000| PB 0x0000000617800000| Untracked |  0
|  95|0x0000000617c00000, 0x0000000617c00000, 0x0000000618000000|  0%| F|  |TAMS 0x0000000617c00000| PB 0x0000000617c00000| Untracked |  0
|  96|0x0000000618000000, 0x0000000618000000, 0x0000000618400000|  0%| F|  |TAMS 0x0000000618000000| PB 0x0000000618000000| Untracked |  0
|  97|0x0000000618400000, 0x0000000618400000, 0x0000000618800000|  0%| F|  |TAMS 0x0000000618400000| PB 0x0000000618400000| Untracked |  0
|  98|0x0000000618800000, 0x0000000618800000, 0x0000000618c00000|  0%| F|  |TAMS 0x0000000618800000| PB 0x0000000618800000| Untracked |  0
|  99|0x0000000618c00000, 0x0000000618c00000, 0x0000000619000000|  0%| F|  |TAMS 0x0000000618c00000| PB 0x0000000618c00000| Untracked |  0
| 100|0x0000000619000000, 0x0000000619000000, 0x0000000619400000|  0%| F|  |TAMS 0x0000000619000000| PB 0x0000000619000000| Untracked |  0
| 101|0x0000000619400000, 0x0000000619400000, 0x0000000619800000|  0%| F|  |TAMS 0x0000000619400000| PB 0x0000000619400000| Untracked |  0
| 102|0x0000000619800000, 0x0000000619800000, 0x0000000619c00000|  0%| F|  |TAMS 0x0000000619800000| PB 0x0000000619800000| Untracked |  0
| 103|0x0000000619c00000, 0x0000000619c00000, 0x000000061a000000|  0%| F|  |TAMS 0x0000000619c00000| PB 0x0000000619c00000| Untracked |  0
| 104|0x000000061a000000, 0x000000061a000000, 0x000000061a400000|  0%| F|  |TAMS 0x000000061a000000| PB 0x000000061a000000| Untracked |  0
| 105|0x000000061a400000, 0x000000061a400000, 0x000000061a800000|  0%| F|  |TAMS 0x000000061a400000| PB 0x000000061a400000| Untracked |  0
| 106|0x000000061a800000, 0x000000061a800000, 0x000000061ac00000|  0%| F|  |TAMS 0x000000061a800000| PB 0x000000061a800000| Untracked |  0
| 107|0x000000061ac00000, 0x000000061ac00000, 0x000000061b000000|  0%| F|  |TAMS 0x000000061ac00000| PB 0x000000061ac00000| Untracked |  0
| 108|0x000000061b000000, 0x000000061b000000, 0x000000061b400000|  0%| F|  |TAMS 0x000000061b000000| PB 0x000000061b000000| Untracked |  0
| 109|0x000000061b400000, 0x000000061b400000, 0x000000061b800000|  0%| F|  |TAMS 0x000000061b400000| PB 0x000000061b400000| Untracked |  0
| 110|0x000000061b800000, 0x000000061b800000, 0x000000061bc00000|  0%| F|  |TAMS 0x000000061b800000| PB 0x000000061b800000| Untracked |  0
| 111|0x000000061bc00000, 0x000000061bc00000, 0x000000061c000000|  0%| F|  |TAMS 0x000000061bc00000| PB 0x000000061bc00000| Untracked |  0
| 112|0x000000061c000000, 0x000000061c000000, 0x000000061c400000|  0%| F|  |TAMS 0x000000061c000000| PB 0x000000061c000000| Untracked |  0
| 113|0x000000061c400000, 0x000000061c400000, 0x000000061c800000|  0%| F|  |TAMS 0x000000061c400000| PB 0x000000061c400000| Untracked |  0
| 114|0x000000061c800000, 0x000000061c800000, 0x000000061cc00000|  0%| F|  |TAMS 0x000000061c800000| PB 0x000000061c800000| Untracked |  0
| 115|0x000000061cc00000, 0x000000061cc00000, 0x000000061d000000|  0%| F|  |TAMS 0x000000061cc00000| PB 0x000000061cc00000| Untracked |  0
| 116|0x000000061d000000, 0x000000061d000000, 0x000000061d400000|  0%| F|  |TAMS 0x000000061d000000| PB 0x000000061d000000| Untracked |  0
| 117|0x000000061d400000, 0x000000061d400000, 0x000000061d800000|  0%| F|  |TAMS 0x000000061d400000| PB 0x000000061d400000| Untracked |  0
| 118|0x000000061d800000, 0x000000061d800000, 0x000000061dc00000|  0%| F|  |TAMS 0x000000061d800000| PB 0x000000061d800000| Untracked |  0
| 119|0x000000061dc00000, 0x000000061dc00000, 0x000000061e000000|  0%| F|  |TAMS 0x000000061dc00000| PB 0x000000061dc00000| Untracked |  0
| 120|0x000000061e000000, 0x000000061e000000, 0x000000061e400000|  0%| F|  |TAMS 0x000000061e000000| PB 0x000000061e000000| Untracked |  0
| 121|0x000000061e400000, 0x000000061e400000, 0x000000061e800000|  0%| F|  |TAMS 0x000000061e400000| PB 0x000000061e400000| Untracked |  0
| 122|0x000000061e800000, 0x000000061e800000, 0x000000061ec00000|  0%| F|  |TAMS 0x000000061e800000| PB 0x000000061e800000| Untracked |  0
| 123|0x000000061ec00000, 0x000000061ec00000, 0x000000061f000000|  0%| F|  |TAMS 0x000000061ec00000| PB 0x000000061ec00000| Untracked |  0
| 124|0x000000061f000000, 0x000000061f000000, 0x000000061f400000|  0%| F|  |TAMS 0x000000061f000000| PB 0x000000061f000000| Untracked |  0
| 125|0x000000061f400000, 0x000000061f400000, 0x000000061f800000|  0%| F|  |TAMS 0x000000061f400000| PB 0x000000061f400000| Untracked |  0
| 126|0x000000061f800000, 0x000000061f800000, 0x000000061fc00000|  0%| F|  |TAMS 0x000000061f800000| PB 0x000000061f800000| Untracked |  0
| 127|0x000000061fc00000, 0x000000061fc00000, 0x0000000620000000|  0%| F|  |TAMS 0x000000061fc00000| PB 0x000000061fc00000| Untracked |  0
| 128|0x0000000620000000, 0x0000000620000000, 0x0000000620400000|  0%| F|  |TAMS 0x0000000620000000| PB 0x0000000620000000| Untracked |  0
| 129|0x0000000620400000, 0x0000000620400000, 0x0000000620800000|  0%| F|  |TAMS 0x0000000620400000| PB 0x0000000620400000| Untracked |  0
| 130|0x0000000620800000, 0x0000000620800000, 0x0000000620c00000|  0%| F|  |TAMS 0x0000000620800000| PB 0x0000000620800000| Untracked |  0
| 131|0x0000000620c00000, 0x0000000620c00000, 0x0000000621000000|  0%| F|  |TAMS 0x0000000620c00000| PB 0x0000000620c00000| Untracked |  0
| 132|0x0000000621000000, 0x0000000621000000, 0x0000000621400000|  0%| F|  |TAMS 0x0000000621000000| PB 0x0000000621000000| Untracked |  0
| 133|0x0000000621400000, 0x0000000621400000, 0x0000000621800000|  0%| F|  |TAMS 0x0000000621400000| PB 0x0000000621400000| Untracked |  0
| 134|0x0000000621800000, 0x0000000621800000, 0x0000000621c00000|  0%| F|  |TAMS 0x0000000621800000| PB 0x0000000621800000| Untracked |  0
| 135|0x0000000621c00000, 0x0000000621c00000, 0x0000000622000000|  0%| F|  |TAMS 0x0000000621c00000| PB 0x0000000621c00000| Untracked |  0
| 136|0x0000000622000000, 0x0000000622000000, 0x0000000622400000|  0%| F|  |TAMS 0x0000000622000000| PB 0x0000000622000000| Untracked |  0
| 137|0x0000000622400000, 0x0000000622400000, 0x0000000622800000|  0%| F|  |TAMS 0x0000000622400000| PB 0x0000000622400000| Untracked |  0
| 138|0x0000000622800000, 0x0000000622800000, 0x0000000622c00000|  0%| F|  |TAMS 0x0000000622800000| PB 0x0000000622800000| Untracked |  0
| 139|0x0000000622c00000, 0x0000000622c00000, 0x0000000623000000|  0%| F|  |TAMS 0x0000000622c00000| PB 0x0000000622c00000| Untracked |  0
| 140|0x0000000623000000, 0x0000000623000000, 0x0000000623400000|  0%| F|  |TAMS 0x0000000623000000| PB 0x0000000623000000| Untracked |  0
| 141|0x0000000623400000, 0x0000000623400000, 0x0000000623800000|  0%| F|  |TAMS 0x0000000623400000| PB 0x0000000623400000| Untracked |  0
| 142|0x0000000623800000, 0x0000000623800000, 0x0000000623c00000|  0%| F|  |TAMS 0x0000000623800000| PB 0x0000000623800000| Untracked |  0
| 143|0x0000000623c00000, 0x0000000623c00000, 0x0000000624000000|  0%| F|  |TAMS 0x0000000623c00000| PB 0x0000000623c00000| Untracked |  0
| 144|0x0000000624000000, 0x0000000624000000, 0x0000000624400000|  0%| F|  |TAMS 0x0000000624000000| PB 0x0000000624000000| Untracked |  0
| 145|0x0000000624400000, 0x0000000624400000, 0x0000000624800000|  0%| F|  |TAMS 0x0000000624400000| PB 0x0000000624400000| Untracked |  0
| 146|0x0000000624800000, 0x0000000624800000, 0x0000000624c00000|  0%| F|  |TAMS 0x0000000624800000| PB 0x0000000624800000| Untracked |  0
| 147|0x0000000624c00000, 0x0000000624c00000, 0x0000000625000000|  0%| F|  |TAMS 0x0000000624c00000| PB 0x0000000624c00000| Untracked |  0
| 148|0x0000000625000000, 0x0000000625000000, 0x0000000625400000|  0%| F|  |TAMS 0x0000000625000000| PB 0x0000000625000000| Untracked |  0
| 149|0x0000000625400000, 0x0000000625400000, 0x0000000625800000|  0%| F|  |TAMS 0x0000000625400000| PB 0x0000000625400000| Untracked |  0
| 150|0x0000000625800000, 0x0000000625800000, 0x0000000625c00000|  0%| F|  |TAMS 0x0000000625800000| PB 0x0000000625800000| Untracked |  0
| 151|0x0000000625c00000, 0x0000000625c00000, 0x0000000626000000|  0%| F|  |TAMS 0x0000000625c00000| PB 0x0000000625c00000| Untracked |  0
| 152|0x0000000626000000, 0x0000000626000000, 0x0000000626400000|  0%| F|  |TAMS 0x0000000626000000| PB 0x0000000626000000| Untracked |  0
| 153|0x0000000626400000, 0x0000000626400000, 0x0000000626800000|  0%| F|  |TAMS 0x0000000626400000| PB 0x0000000626400000| Untracked |  0
| 154|0x0000000626800000, 0x0000000626800000, 0x0000000626c00000|  0%| F|  |TAMS 0x0000000626800000| PB 0x0000000626800000| Untracked |  0
| 155|0x0000000626c00000, 0x0000000626c00000, 0x0000000627000000|  0%| F|  |TAMS 0x0000000626c00000| PB 0x0000000626c00000| Untracked |  0
| 156|0x0000000627000000, 0x0000000627000000, 0x0000000627400000|  0%| F|  |TAMS 0x0000000627000000| PB 0x0000000627000000| Untracked |  0
| 157|0x0000000627400000, 0x0000000627400000, 0x0000000627800000|  0%| F|  |TAMS 0x0000000627400000| PB 0x0000000627400000| Untracked |  0
| 158|0x0000000627800000, 0x0000000627800000, 0x0000000627c00000|  0%| F|  |TAMS 0x0000000627800000| PB 0x0000000627800000| Untracked |  0
| 159|0x0000000627c00000, 0x0000000627c00000, 0x0000000628000000|  0%| F|  |TAMS 0x0000000627c00000| PB 0x0000000627c00000| Untracked |  0
| 160|0x0000000628000000, 0x0000000628000000, 0x0000000628400000|  0%| F|  |TAMS 0x0000000628000000| PB 0x0000000628000000| Untracked |  0
| 161|0x0000000628400000, 0x0000000628400000, 0x0000000628800000|  0%| F|  |TAMS 0x0000000628400000| PB 0x0000000628400000| Untracked |  0
| 162|0x0000000628800000, 0x0000000628800000, 0x0000000628c00000|  0%| F|  |TAMS 0x0000000628800000| PB 0x0000000628800000| Untracked |  0
| 163|0x0000000628c00000, 0x0000000628c00000, 0x0000000629000000|  0%| F|  |TAMS 0x0000000628c00000| PB 0x0000000628c00000| Untracked |  0
| 164|0x0000000629000000, 0x0000000629000000, 0x0000000629400000|  0%| F|  |TAMS 0x0000000629000000| PB 0x0000000629000000| Untracked |  0
| 165|0x0000000629400000, 0x0000000629400000, 0x0000000629800000|  0%| F|  |TAMS 0x0000000629400000| PB 0x0000000629400000| Untracked |  0
| 166|0x0000000629800000, 0x0000000629800000, 0x0000000629c00000|  0%| F|  |TAMS 0x0000000629800000| PB 0x0000000629800000| Untracked |  0
| 167|0x0000000629c00000, 0x0000000629c00000, 0x000000062a000000|  0%| F|  |TAMS 0x0000000629c00000| PB 0x0000000629c00000| Untracked |  0
| 168|0x000000062a000000, 0x000000062a000000, 0x000000062a400000|  0%| F|  |TAMS 0x000000062a000000| PB 0x000000062a000000| Untracked |  0
| 169|0x000000062a400000, 0x000000062a400000, 0x000000062a800000|  0%| F|  |TAMS 0x000000062a400000| PB 0x000000062a400000| Untracked |  0
| 170|0x000000062a800000, 0x000000062a800000, 0x000000062ac00000|  0%| F|  |TAMS 0x000000062a800000| PB 0x000000062a800000| Untracked |  0
| 171|0x000000062ac00000, 0x000000062ac00000, 0x000000062b000000|  0%| F|  |TAMS 0x000000062ac00000| PB 0x000000062ac00000| Untracked |  0
| 172|0x000000062b000000, 0x000000062b000000, 0x000000062b400000|  0%| F|  |TAMS 0x000000062b000000| PB 0x000000062b000000| Untracked |  0
| 173|0x000000062b400000, 0x000000062b400000, 0x000000062b800000|  0%| F|  |TAMS 0x000000062b400000| PB 0x000000062b400000| Untracked |  0
| 174|0x000000062b800000, 0x000000062b800000, 0x000000062bc00000|  0%| F|  |TAMS 0x000000062b800000| PB 0x000000062b800000| Untracked |  0
| 175|0x000000062bc00000, 0x000000062bc00000, 0x000000062c000000|  0%| F|  |TAMS 0x000000062bc00000| PB 0x000000062bc00000| Untracked |  0
| 176|0x000000062c000000, 0x000000062c000000, 0x000000062c400000|  0%| F|  |TAMS 0x000000062c000000| PB 0x000000062c000000| Untracked |  0
| 177|0x000000062c400000, 0x000000062c400000, 0x000000062c800000|  0%| F|  |TAMS 0x000000062c400000| PB 0x000000062c400000| Untracked |  0
| 178|0x000000062c800000, 0x000000062c800000, 0x000000062cc00000|  0%| F|  |TAMS 0x000000062c800000| PB 0x000000062c800000| Untracked |  0
| 179|0x000000062cc00000, 0x000000062cc00000, 0x000000062d000000|  0%| F|  |TAMS 0x000000062cc00000| PB 0x000000062cc00000| Untracked |  0
| 180|0x000000062d000000, 0x000000062d000000, 0x000000062d400000|  0%| F|  |TAMS 0x000000062d000000| PB 0x000000062d000000| Untracked |  0
| 181|0x000000062d400000, 0x000000062d400000, 0x000000062d800000|  0%| F|  |TAMS 0x000000062d400000| PB 0x000000062d400000| Untracked |  0
| 182|0x000000062d800000, 0x000000062d800000, 0x000000062dc00000|  0%| F|  |TAMS 0x000000062d800000| PB 0x000000062d800000| Untracked |  0
| 183|0x000000062dc00000, 0x000000062dc00000, 0x000000062e000000|  0%| F|  |TAMS 0x000000062dc00000| PB 0x000000062dc00000| Untracked |  0
| 184|0x000000062e000000, 0x000000062e000000, 0x000000062e400000|  0%| F|  |TAMS 0x000000062e000000| PB 0x000000062e000000| Untracked |  0
| 185|0x000000062e400000, 0x000000062e400000, 0x000000062e800000|  0%| F|  |TAMS 0x000000062e400000| PB 0x000000062e400000| Untracked |  0
| 186|0x000000062e800000, 0x000000062e800000, 0x000000062ec00000|  0%| F|  |TAMS 0x000000062e800000| PB 0x000000062e800000| Untracked |  0
| 187|0x000000062ec00000, 0x000000062ec00000, 0x000000062f000000|  0%| F|  |TAMS 0x000000062ec00000| PB 0x000000062ec00000| Untracked |  0
| 188|0x000000062f000000, 0x000000062f000000, 0x000000062f400000|  0%| F|  |TAMS 0x000000062f000000| PB 0x000000062f000000| Untracked |  0
| 189|0x000000062f400000, 0x000000062f400000, 0x000000062f800000|  0%| F|  |TAMS 0x000000062f400000| PB 0x000000062f400000| Untracked |  0
| 190|0x000000062f800000, 0x000000062f800000, 0x000000062fc00000|  0%| F|  |TAMS 0x000000062f800000| PB 0x000000062f800000| Untracked |  0
| 191|0x000000062fc00000, 0x000000062fc00000, 0x0000000630000000|  0%| F|  |TAMS 0x000000062fc00000| PB 0x000000062fc00000| Untracked |  0
| 192|0x0000000630000000, 0x0000000630000000, 0x0000000630400000|  0%| F|  |TAMS 0x0000000630000000| PB 0x0000000630000000| Untracked |  0
| 193|0x0000000630400000, 0x0000000630400000, 0x0000000630800000|  0%| F|  |TAMS 0x0000000630400000| PB 0x0000000630400000| Untracked |  0
| 194|0x0000000630800000, 0x0000000630800000, 0x0000000630c00000|  0%| F|  |TAMS 0x0000000630800000| PB 0x0000000630800000| Untracked |  0
| 195|0x0000000630c00000, 0x0000000630c00000, 0x0000000631000000|  0%| F|  |TAMS 0x0000000630c00000| PB 0x0000000630c00000| Untracked |  0
| 196|0x0000000631000000, 0x0000000631000000, 0x0000000631400000|  0%| F|  |TAMS 0x0000000631000000| PB 0x0000000631000000| Untracked |  0
| 197|0x0000000631400000, 0x0000000631400000, 0x0000000631800000|  0%| F|  |TAMS 0x0000000631400000| PB 0x0000000631400000| Untracked |  0
| 198|0x0000000631800000, 0x0000000631800000, 0x0000000631c00000|  0%| F|  |TAMS 0x0000000631800000| PB 0x0000000631800000| Untracked |  0
| 199|0x0000000631c00000, 0x0000000631c00000, 0x0000000632000000|  0%| F|  |TAMS 0x0000000631c00000| PB 0x0000000631c00000| Untracked |  0
| 200|0x0000000632000000, 0x0000000632000000, 0x0000000632400000|  0%| F|  |TAMS 0x0000000632000000| PB 0x0000000632000000| Untracked |  0
| 201|0x0000000632400000, 0x0000000632400000, 0x0000000632800000|  0%| F|  |TAMS 0x0000000632400000| PB 0x0000000632400000| Untracked |  0
| 202|0x0000000632800000, 0x0000000632800000, 0x0000000632c00000|  0%| F|  |TAMS 0x0000000632800000| PB 0x0000000632800000| Untracked |  0
| 203|0x0000000632c00000, 0x0000000632c00000, 0x0000000633000000|  0%| F|  |TAMS 0x0000000632c00000| PB 0x0000000632c00000| Untracked |  0
| 204|0x0000000633000000, 0x0000000633000000, 0x0000000633400000|  0%| F|  |TAMS 0x0000000633000000| PB 0x0000000633000000| Untracked |  0
| 205|0x0000000633400000, 0x0000000633400000, 0x0000000633800000|  0%| F|  |TAMS 0x0000000633400000| PB 0x0000000633400000| Untracked |  0
| 206|0x0000000633800000, 0x0000000633800000, 0x0000000633c00000|  0%| F|  |TAMS 0x0000000633800000| PB 0x0000000633800000| Untracked |  0
| 207|0x0000000633c00000, 0x0000000633c00000, 0x0000000634000000|  0%| F|  |TAMS 0x0000000633c00000| PB 0x0000000633c00000| Untracked |  0
| 208|0x0000000634000000, 0x0000000634000000, 0x0000000634400000|  0%| F|  |TAMS 0x0000000634000000| PB 0x0000000634000000| Untracked |  0
| 209|0x0000000634400000, 0x0000000634400000, 0x0000000634800000|  0%| F|  |TAMS 0x0000000634400000| PB 0x0000000634400000| Untracked |  0
| 210|0x0000000634800000, 0x0000000634800000, 0x0000000634c00000|  0%| F|  |TAMS 0x0000000634800000| PB 0x0000000634800000| Untracked |  0
| 211|0x0000000634c00000, 0x0000000634c00000, 0x0000000635000000|  0%| F|  |TAMS 0x0000000634c00000| PB 0x0000000634c00000| Untracked |  0
| 212|0x0000000635000000, 0x0000000635000000, 0x0000000635400000|  0%| F|  |TAMS 0x0000000635000000| PB 0x0000000635000000| Untracked |  0
| 213|0x0000000635400000, 0x0000000635400000, 0x0000000635800000|  0%| F|  |TAMS 0x0000000635400000| PB 0x0000000635400000| Untracked |  0
| 214|0x0000000635800000, 0x0000000635800000, 0x0000000635c00000|  0%| F|  |TAMS 0x0000000635800000| PB 0x0000000635800000| Untracked |  0
| 215|0x0000000635c00000, 0x0000000635c00000, 0x0000000636000000|  0%| F|  |TAMS 0x0000000635c00000| PB 0x0000000635c00000| Untracked |  0
| 216|0x0000000636000000, 0x0000000636000000, 0x0000000636400000|  0%| F|  |TAMS 0x0000000636000000| PB 0x0000000636000000| Untracked |  0
| 217|0x0000000636400000, 0x0000000636400000, 0x0000000636800000|  0%| F|  |TAMS 0x0000000636400000| PB 0x0000000636400000| Untracked |  0
| 218|0x0000000636800000, 0x0000000636800000, 0x0000000636c00000|  0%| F|  |TAMS 0x0000000636800000| PB 0x0000000636800000| Untracked |  0
| 219|0x0000000636c00000, 0x0000000636c00000, 0x0000000637000000|  0%| F|  |TAMS 0x0000000636c00000| PB 0x0000000636c00000| Untracked |  0
| 220|0x0000000637000000, 0x0000000637000000, 0x0000000637400000|  0%| F|  |TAMS 0x0000000637000000| PB 0x0000000637000000| Untracked |  0
| 221|0x0000000637400000, 0x0000000637400000, 0x0000000637800000|  0%| F|  |TAMS 0x0000000637400000| PB 0x0000000637400000| Untracked |  0
| 222|0x0000000637800000, 0x0000000637800000, 0x0000000637c00000|  0%| F|  |TAMS 0x0000000637800000| PB 0x0000000637800000| Untracked |  0
| 223|0x0000000637c00000, 0x0000000637c00000, 0x0000000638000000|  0%| F|  |TAMS 0x0000000637c00000| PB 0x0000000637c00000| Untracked |  0
| 224|0x0000000638000000, 0x0000000638000000, 0x0000000638400000|  0%| F|  |TAMS 0x0000000638000000| PB 0x0000000638000000| Untracked |  0
| 225|0x0000000638400000, 0x0000000638400000, 0x0000000638800000|  0%| F|  |TAMS 0x0000000638400000| PB 0x0000000638400000| Untracked |  0
| 226|0x0000000638800000, 0x0000000638800000, 0x0000000638c00000|  0%| F|  |TAMS 0x0000000638800000| PB 0x0000000638800000| Untracked |  0
| 227|0x0000000638c00000, 0x0000000638c00000, 0x0000000639000000|  0%| F|  |TAMS 0x0000000638c00000| PB 0x0000000638c00000| Untracked |  0
| 228|0x0000000639000000, 0x0000000639000000, 0x0000000639400000|  0%| F|  |TAMS 0x0000000639000000| PB 0x0000000639000000| Untracked |  0
| 229|0x0000000639400000, 0x0000000639400000, 0x0000000639800000|  0%| F|  |TAMS 0x0000000639400000| PB 0x0000000639400000| Untracked |  0
| 230|0x0000000639800000, 0x0000000639800000, 0x0000000639c00000|  0%| F|  |TAMS 0x0000000639800000| PB 0x0000000639800000| Untracked |  0
| 231|0x0000000639c00000, 0x0000000639c00000, 0x000000063a000000|  0%| F|  |TAMS 0x0000000639c00000| PB 0x0000000639c00000| Untracked |  0
| 232|0x000000063a000000, 0x000000063a000000, 0x000000063a400000|  0%| F|  |TAMS 0x000000063a000000| PB 0x000000063a000000| Untracked |  0
| 233|0x000000063a400000, 0x000000063a400000, 0x000000063a800000|  0%| F|  |TAMS 0x000000063a400000| PB 0x000000063a400000| Untracked |  0
| 234|0x000000063a800000, 0x000000063a800000, 0x000000063ac00000|  0%| F|  |TAMS 0x000000063a800000| PB 0x000000063a800000| Untracked |  0
| 235|0x000000063ac00000, 0x000000063ac00000, 0x000000063b000000|  0%| F|  |TAMS 0x000000063ac00000| PB 0x000000063ac00000| Untracked |  0
| 236|0x000000063b000000, 0x000000063b000000, 0x000000063b400000|  0%| F|  |TAMS 0x000000063b000000| PB 0x000000063b000000| Untracked |  0
| 237|0x000000063b400000, 0x000000063b400000, 0x000000063b800000|  0%| F|  |TAMS 0x000000063b400000| PB 0x000000063b400000| Untracked |  0
| 238|0x000000063b800000, 0x000000063b800000, 0x000000063bc00000|  0%| F|  |TAMS 0x000000063b800000| PB 0x000000063b800000| Untracked |  0
| 239|0x000000063bc00000, 0x000000063bc00000, 0x000000063c000000|  0%| F|  |TAMS 0x000000063bc00000| PB 0x000000063bc00000| Untracked |  0
| 240|0x000000063c000000, 0x000000063c000000, 0x000000063c400000|  0%| F|  |TAMS 0x000000063c000000| PB 0x000000063c000000| Untracked |  0
| 241|0x000000063c400000, 0x000000063c400000, 0x000000063c800000|  0%| F|  |TAMS 0x000000063c400000| PB 0x000000063c400000| Untracked |  0
| 242|0x000000063c800000, 0x000000063c800000, 0x000000063cc00000|  0%| F|  |TAMS 0x000000063c800000| PB 0x000000063c800000| Untracked |  0
| 243|0x000000063cc00000, 0x000000063cc00000, 0x000000063d000000|  0%| F|  |TAMS 0x000000063cc00000| PB 0x000000063cc00000| Untracked |  0
| 244|0x000000063d000000, 0x000000063d000000, 0x000000063d400000|  0%| F|  |TAMS 0x000000063d000000| PB 0x000000063d000000| Untracked |  0
| 245|0x000000063d400000, 0x000000063d400000, 0x000000063d800000|  0%| F|  |TAMS 0x000000063d400000| PB 0x000000063d400000| Untracked |  0
| 246|0x000000063d800000, 0x000000063d800000, 0x000000063dc00000|  0%| F|  |TAMS 0x000000063d800000| PB 0x000000063d800000| Untracked |  0
| 247|0x000000063dc00000, 0x000000063dc00000, 0x000000063e000000|  0%| F|  |TAMS 0x000000063dc00000| PB 0x000000063dc00000| Untracked |  0
| 248|0x000000063e000000, 0x000000063e000000, 0x000000063e400000|  0%| F|  |TAMS 0x000000063e000000| PB 0x000000063e000000| Untracked |  0
| 249|0x000000063e400000, 0x000000063e400000, 0x000000063e800000|  0%| F|  |TAMS 0x000000063e400000| PB 0x000000063e400000| Untracked |  0
| 250|0x000000063e800000, 0x000000063e800000, 0x000000063ec00000|  0%| F|  |TAMS 0x000000063e800000| PB 0x000000063e800000| Untracked |  0
| 251|0x000000063ec00000, 0x000000063ec00000, 0x000000063f000000|  0%| F|  |TAMS 0x000000063ec00000| PB 0x000000063ec00000| Untracked |  0
| 252|0x000000063f000000, 0x000000063f000000, 0x000000063f400000|  0%| F|  |TAMS 0x000000063f000000| PB 0x000000063f000000| Untracked |  0
| 253|0x000000063f400000, 0x000000063f400000, 0x000000063f800000|  0%| F|  |TAMS 0x000000063f400000| PB 0x000000063f400000| Untracked |  0
| 254|0x000000063f800000, 0x000000063f800000, 0x000000063fc00000|  0%| F|  |TAMS 0x000000063f800000| PB 0x000000063f800000| Untracked |  0
| 255|0x000000063fc00000, 0x000000063fc00000, 0x0000000640000000|  0%| F|  |TAMS 0x000000063fc00000| PB 0x000000063fc00000| Untracked |  0
| 256|0x0000000640000000, 0x0000000640000000, 0x0000000640400000|  0%| F|  |TAMS 0x0000000640000000| PB 0x0000000640000000| Untracked |  0
| 257|0x0000000640400000, 0x0000000640400000, 0x0000000640800000|  0%| F|  |TAMS 0x0000000640400000| PB 0x0000000640400000| Untracked |  0
| 258|0x0000000640800000, 0x0000000640800000, 0x0000000640c00000|  0%| F|  |TAMS 0x0000000640800000| PB 0x0000000640800000| Untracked |  0
| 259|0x0000000640c00000, 0x0000000640c00000, 0x0000000641000000|  0%| F|  |TAMS 0x0000000640c00000| PB 0x0000000640c00000| Untracked |  0
| 260|0x0000000641000000, 0x0000000641000000, 0x0000000641400000|  0%| F|  |TAMS 0x0000000641000000| PB 0x0000000641000000| Untracked |  0
| 261|0x0000000641400000, 0x0000000641400000, 0x0000000641800000|  0%| F|  |TAMS 0x0000000641400000| PB 0x0000000641400000| Untracked |  0
| 262|0x0000000641800000, 0x0000000641800000, 0x0000000641c00000|  0%| F|  |TAMS 0x0000000641800000| PB 0x0000000641800000| Untracked |  0
| 263|0x0000000641c00000, 0x0000000641c00000, 0x0000000642000000|  0%| F|  |TAMS 0x0000000641c00000| PB 0x0000000641c00000| Untracked |  0
| 264|0x0000000642000000, 0x0000000642000000, 0x0000000642400000|  0%| F|  |TAMS 0x0000000642000000| PB 0x0000000642000000| Untracked |  0
| 265|0x0000000642400000, 0x0000000642400000, 0x0000000642800000|  0%| F|  |TAMS 0x0000000642400000| PB 0x0000000642400000| Untracked |  0
| 266|0x0000000642800000, 0x0000000642800000, 0x0000000642c00000|  0%| F|  |TAMS 0x0000000642800000| PB 0x0000000642800000| Untracked |  0
| 267|0x0000000642c00000, 0x0000000642c00000, 0x0000000643000000|  0%| F|  |TAMS 0x0000000642c00000| PB 0x0000000642c00000| Untracked |  0
| 268|0x0000000643000000, 0x000000064312efa0, 0x0000000643400000| 29%| S|CS|TAMS 0x0000000643000000| PB 0x0000000643000000| Complete |  0
| 269|0x0000000643400000, 0x0000000643800000, 0x0000000643800000|100%| S|CS|TAMS 0x0000000643400000| PB 0x0000000643400000| Complete |  0
| 270|0x0000000643800000, 0x0000000643800000, 0x0000000643c00000|  0%| F|  |TAMS 0x0000000643800000| PB 0x0000000643800000| Untracked |  0
| 271|0x0000000643c00000, 0x0000000643c00000, 0x0000000644000000|  0%| F|  |TAMS 0x0000000643c00000| PB 0x0000000643c00000| Untracked |  0
| 272|0x0000000644000000, 0x0000000644000000, 0x0000000644400000|  0%| F|  |TAMS 0x0000000644000000| PB 0x0000000644000000| Untracked |  0
| 273|0x0000000644400000, 0x0000000644400000, 0x0000000644800000|  0%| F|  |TAMS 0x0000000644400000| PB 0x0000000644400000| Untracked |  0
| 274|0x0000000644800000, 0x0000000644800000, 0x0000000644c00000|  0%| F|  |TAMS 0x0000000644800000| PB 0x0000000644800000| Untracked |  0
| 275|0x0000000644c00000, 0x0000000644c00000, 0x0000000645000000|  0%| F|  |TAMS 0x0000000644c00000| PB 0x0000000644c00000| Untracked |  0
| 276|0x0000000645000000, 0x0000000645000000, 0x0000000645400000|  0%| F|  |TAMS 0x0000000645000000| PB 0x0000000645000000| Untracked |  0
| 277|0x0000000645400000, 0x0000000645400000, 0x0000000645800000|  0%| F|  |TAMS 0x0000000645400000| PB 0x0000000645400000| Untracked |  0
| 278|0x0000000645800000, 0x0000000645800000, 0x0000000645c00000|  0%| F|  |TAMS 0x0000000645800000| PB 0x0000000645800000| Untracked |  0
| 279|0x0000000645c00000, 0x0000000645c00000, 0x0000000646000000|  0%| F|  |TAMS 0x0000000645c00000| PB 0x0000000645c00000| Untracked |  0
| 280|0x0000000646000000, 0x0000000646000000, 0x0000000646400000|  0%| F|  |TAMS 0x0000000646000000| PB 0x0000000646000000| Untracked |  0
| 281|0x0000000646400000, 0x0000000646400000, 0x0000000646800000|  0%| F|  |TAMS 0x0000000646400000| PB 0x0000000646400000| Untracked |  0
| 282|0x0000000646800000, 0x0000000646800000, 0x0000000646c00000|  0%| F|  |TAMS 0x0000000646800000| PB 0x0000000646800000| Untracked |  0
| 283|0x0000000646c00000, 0x0000000646c00000, 0x0000000647000000|  0%| F|  |TAMS 0x0000000646c00000| PB 0x0000000646c00000| Untracked |  0
| 284|0x0000000647000000, 0x0000000647000000, 0x0000000647400000|  0%| F|  |TAMS 0x0000000647000000| PB 0x0000000647000000| Untracked |  0
| 285|0x0000000647400000, 0x0000000647400000, 0x0000000647800000|  0%| F|  |TAMS 0x0000000647400000| PB 0x0000000647400000| Untracked |  0
| 286|0x0000000647800000, 0x0000000647800000, 0x0000000647c00000|  0%| F|  |TAMS 0x0000000647800000| PB 0x0000000647800000| Untracked |  0
| 287|0x0000000647c00000, 0x0000000647c00000, 0x0000000648000000|  0%| F|  |TAMS 0x0000000647c00000| PB 0x0000000647c00000| Untracked |  0
| 288|0x0000000648000000, 0x0000000648000000, 0x0000000648400000|  0%| F|  |TAMS 0x0000000648000000| PB 0x0000000648000000| Untracked |  0
| 289|0x0000000648400000, 0x0000000648400000, 0x0000000648800000|  0%| F|  |TAMS 0x0000000648400000| PB 0x0000000648400000| Untracked |  0
| 290|0x0000000648800000, 0x0000000648800000, 0x0000000648c00000|  0%| F|  |TAMS 0x0000000648800000| PB 0x0000000648800000| Untracked |  0
| 291|0x0000000648c00000, 0x0000000648c00000, 0x0000000649000000|  0%| F|  |TAMS 0x0000000648c00000| PB 0x0000000648c00000| Untracked |  0
| 292|0x0000000649000000, 0x0000000649000000, 0x0000000649400000|  0%| F|  |TAMS 0x0000000649000000| PB 0x0000000649000000| Untracked |  0
| 293|0x0000000649400000, 0x0000000649400000, 0x0000000649800000|  0%| F|  |TAMS 0x0000000649400000| PB 0x0000000649400000| Untracked |  0
| 294|0x0000000649800000, 0x0000000649800000, 0x0000000649c00000|  0%| F|  |TAMS 0x0000000649800000| PB 0x0000000649800000| Untracked |  0
| 295|0x0000000649c00000, 0x0000000649c00000, 0x000000064a000000|  0%| F|  |TAMS 0x0000000649c00000| PB 0x0000000649c00000| Untracked |  0
| 296|0x000000064a000000, 0x000000064a000000, 0x000000064a400000|  0%| F|  |TAMS 0x000000064a000000| PB 0x000000064a000000| Untracked |  0
| 297|0x000000064a400000, 0x000000064a400000, 0x000000064a800000|  0%| F|  |TAMS 0x000000064a400000| PB 0x000000064a400000| Untracked |  0
| 298|0x000000064a800000, 0x000000064a800000, 0x000000064ac00000|  0%| F|  |TAMS 0x000000064a800000| PB 0x000000064a800000| Untracked |  0
| 299|0x000000064ac00000, 0x000000064ac00000, 0x000000064b000000|  0%| F|  |TAMS 0x000000064ac00000| PB 0x000000064ac00000| Untracked |  0
| 300|0x000000064b000000, 0x000000064b000000, 0x000000064b400000|  0%| F|  |TAMS 0x000000064b000000| PB 0x000000064b000000| Untracked |  0
| 301|0x000000064b400000, 0x000000064b400000, 0x000000064b800000|  0%| F|  |TAMS 0x000000064b400000| PB 0x000000064b400000| Untracked |  0
| 302|0x000000064b800000, 0x000000064b800000, 0x000000064bc00000|  0%| F|  |TAMS 0x000000064b800000| PB 0x000000064b800000| Untracked |  0
| 303|0x000000064bc00000, 0x000000064bc00000, 0x000000064c000000|  0%| F|  |TAMS 0x000000064bc00000| PB 0x000000064bc00000| Untracked |  0
| 304|0x000000064c000000, 0x000000064c000000, 0x000000064c400000|  0%| F|  |TAMS 0x000000064c000000| PB 0x000000064c000000| Untracked |  0
| 305|0x000000064c400000, 0x000000064c400000, 0x000000064c800000|  0%| F|  |TAMS 0x000000064c400000| PB 0x000000064c400000| Untracked |  0
| 306|0x000000064c800000, 0x000000064c800000, 0x000000064cc00000|  0%| F|  |TAMS 0x000000064c800000| PB 0x000000064c800000| Untracked |  0
| 307|0x000000064cc00000, 0x000000064cc00000, 0x000000064d000000|  0%| F|  |TAMS 0x000000064cc00000| PB 0x000000064cc00000| Untracked |  0
| 308|0x000000064d000000, 0x000000064d000000, 0x000000064d400000|  0%| F|  |TAMS 0x000000064d000000| PB 0x000000064d000000| Untracked |  0
| 309|0x000000064d400000, 0x000000064d400000, 0x000000064d800000|  0%| F|  |TAMS 0x000000064d400000| PB 0x000000064d400000| Untracked |  0
| 310|0x000000064d800000, 0x000000064d800000, 0x000000064dc00000|  0%| F|  |TAMS 0x000000064d800000| PB 0x000000064d800000| Untracked |  0
| 311|0x000000064dc00000, 0x000000064dc00000, 0x000000064e000000|  0%| F|  |TAMS 0x000000064dc00000| PB 0x000000064dc00000| Untracked |  0
| 312|0x000000064e000000, 0x000000064e000000, 0x000000064e400000|  0%| F|  |TAMS 0x000000064e000000| PB 0x000000064e000000| Untracked |  0
| 313|0x000000064e400000, 0x000000064e400000, 0x000000064e800000|  0%| F|  |TAMS 0x000000064e400000| PB 0x000000064e400000| Untracked |  0
| 314|0x000000064e800000, 0x000000064e800000, 0x000000064ec00000|  0%| F|  |TAMS 0x000000064e800000| PB 0x000000064e800000| Untracked |  0
| 315|0x000000064ec00000, 0x000000064ec00000, 0x000000064f000000|  0%| F|  |TAMS 0x000000064ec00000| PB 0x000000064ec00000| Untracked |  0
| 316|0x000000064f000000, 0x000000064f000000, 0x000000064f400000|  0%| F|  |TAMS 0x000000064f000000| PB 0x000000064f000000| Untracked |  0
| 317|0x000000064f400000, 0x000000064f400000, 0x000000064f800000|  0%| F|  |TAMS 0x000000064f400000| PB 0x000000064f400000| Untracked |  0
| 318|0x000000064f800000, 0x000000064f800000, 0x000000064fc00000|  0%| F|  |TAMS 0x000000064f800000| PB 0x000000064f800000| Untracked |  0
| 319|0x000000064fc00000, 0x000000064fc00000, 0x0000000650000000|  0%| F|  |TAMS 0x000000064fc00000| PB 0x000000064fc00000| Untracked |  0
| 320|0x0000000650000000, 0x0000000650000000, 0x0000000650400000|  0%| F|  |TAMS 0x0000000650000000| PB 0x0000000650000000| Untracked |  0
| 321|0x0000000650400000, 0x0000000650400000, 0x0000000650800000|  0%| F|  |TAMS 0x0000000650400000| PB 0x0000000650400000| Untracked |  0
| 322|0x0000000650800000, 0x0000000650800000, 0x0000000650c00000|  0%| F|  |TAMS 0x0000000650800000| PB 0x0000000650800000| Untracked |  0
| 323|0x0000000650c00000, 0x0000000650c00000, 0x0000000651000000|  0%| F|  |TAMS 0x0000000650c00000| PB 0x0000000650c00000| Untracked |  0
| 324|0x0000000651000000, 0x0000000651000000, 0x0000000651400000|  0%| F|  |TAMS 0x0000000651000000| PB 0x0000000651000000| Untracked |  0
| 325|0x0000000651400000, 0x0000000651400000, 0x0000000651800000|  0%| F|  |TAMS 0x0000000651400000| PB 0x0000000651400000| Untracked |  0
| 326|0x0000000651800000, 0x0000000651800000, 0x0000000651c00000|  0%| F|  |TAMS 0x0000000651800000| PB 0x0000000651800000| Untracked |  0
| 327|0x0000000651c00000, 0x0000000651c00000, 0x0000000652000000|  0%| F|  |TAMS 0x0000000651c00000| PB 0x0000000651c00000| Untracked |  0
| 328|0x0000000652000000, 0x0000000652000000, 0x0000000652400000|  0%| F|  |TAMS 0x0000000652000000| PB 0x0000000652000000| Untracked |  0
| 329|0x0000000652400000, 0x0000000652400000, 0x0000000652800000|  0%| F|  |TAMS 0x0000000652400000| PB 0x0000000652400000| Untracked |  0
| 330|0x0000000652800000, 0x0000000652800000, 0x0000000652c00000|  0%| F|  |TAMS 0x0000000652800000| PB 0x0000000652800000| Untracked |  0
| 331|0x0000000652c00000, 0x0000000652c00000, 0x0000000653000000|  0%| F|  |TAMS 0x0000000652c00000| PB 0x0000000652c00000| Untracked |  0
| 332|0x0000000653000000, 0x0000000653000000, 0x0000000653400000|  0%| F|  |TAMS 0x0000000653000000| PB 0x0000000653000000| Untracked |  0
| 333|0x0000000653400000, 0x0000000653400000, 0x0000000653800000|  0%| F|  |TAMS 0x0000000653400000| PB 0x0000000653400000| Untracked |  0
| 334|0x0000000653800000, 0x0000000653800000, 0x0000000653c00000|  0%| F|  |TAMS 0x0000000653800000| PB 0x0000000653800000| Untracked |  0
| 335|0x0000000653c00000, 0x0000000653c00000, 0x0000000654000000|  0%| F|  |TAMS 0x0000000653c00000| PB 0x0000000653c00000| Untracked |  0
| 336|0x0000000654000000, 0x0000000654000000, 0x0000000654400000|  0%| F|  |TAMS 0x0000000654000000| PB 0x0000000654000000| Untracked |  0
| 337|0x0000000654400000, 0x0000000654400000, 0x0000000654800000|  0%| F|  |TAMS 0x0000000654400000| PB 0x0000000654400000| Untracked |  0
| 338|0x0000000654800000, 0x0000000654800000, 0x0000000654c00000|  0%| F|  |TAMS 0x0000000654800000| PB 0x0000000654800000| Untracked |  0
| 339|0x0000000654c00000, 0x0000000654c00000, 0x0000000655000000|  0%| F|  |TAMS 0x0000000654c00000| PB 0x0000000654c00000| Untracked |  0
| 340|0x0000000655000000, 0x0000000655000000, 0x0000000655400000|  0%| F|  |TAMS 0x0000000655000000| PB 0x0000000655000000| Untracked |  0
| 341|0x0000000655400000, 0x0000000655400000, 0x0000000655800000|  0%| F|  |TAMS 0x0000000655400000| PB 0x0000000655400000| Untracked |  0
| 342|0x0000000655800000, 0x0000000655800000, 0x0000000655c00000|  0%| F|  |TAMS 0x0000000655800000| PB 0x0000000655800000| Untracked |  0
| 343|0x0000000655c00000, 0x0000000655c00000, 0x0000000656000000|  0%| F|  |TAMS 0x0000000655c00000| PB 0x0000000655c00000| Untracked |  0
| 344|0x0000000656000000, 0x0000000656000000, 0x0000000656400000|  0%| F|  |TAMS 0x0000000656000000| PB 0x0000000656000000| Untracked |  0
| 345|0x0000000656400000, 0x0000000656400000, 0x0000000656800000|  0%| F|  |TAMS 0x0000000656400000| PB 0x0000000656400000| Untracked |  0
| 346|0x0000000656800000, 0x0000000656800000, 0x0000000656c00000|  0%| F|  |TAMS 0x0000000656800000| PB 0x0000000656800000| Untracked |  0
| 347|0x0000000656c00000, 0x0000000656c00000, 0x0000000657000000|  0%| F|  |TAMS 0x0000000656c00000| PB 0x0000000656c00000| Untracked |  0
| 348|0x0000000657000000, 0x0000000657000000, 0x0000000657400000|  0%| F|  |TAMS 0x0000000657000000| PB 0x0000000657000000| Untracked |  0
| 349|0x0000000657400000, 0x0000000657400000, 0x0000000657800000|  0%| F|  |TAMS 0x0000000657400000| PB 0x0000000657400000| Untracked |  0
| 350|0x0000000657800000, 0x0000000657800000, 0x0000000657c00000|  0%| F|  |TAMS 0x0000000657800000| PB 0x0000000657800000| Untracked |  0
| 351|0x0000000657c00000, 0x0000000657c00000, 0x0000000658000000|  0%| F|  |TAMS 0x0000000657c00000| PB 0x0000000657c00000| Untracked |  0
| 352|0x0000000658000000, 0x0000000658000000, 0x0000000658400000|  0%| F|  |TAMS 0x0000000658000000| PB 0x0000000658000000| Untracked |  0
| 353|0x0000000658400000, 0x0000000658400000, 0x0000000658800000|  0%| F|  |TAMS 0x0000000658400000| PB 0x0000000658400000| Untracked |  0
| 354|0x0000000658800000, 0x0000000658800000, 0x0000000658c00000|  0%| F|  |TAMS 0x0000000658800000| PB 0x0000000658800000| Untracked |  0
| 355|0x0000000658c00000, 0x0000000658c00000, 0x0000000659000000|  0%| F|  |TAMS 0x0000000658c00000| PB 0x0000000658c00000| Untracked |  0
| 356|0x0000000659000000, 0x0000000659000000, 0x0000000659400000|  0%| F|  |TAMS 0x0000000659000000| PB 0x0000000659000000| Untracked |  0
| 357|0x0000000659400000, 0x0000000659400000, 0x0000000659800000|  0%| F|  |TAMS 0x0000000659400000| PB 0x0000000659400000| Untracked |  0
| 358|0x0000000659800000, 0x0000000659800000, 0x0000000659c00000|  0%| F|  |TAMS 0x0000000659800000| PB 0x0000000659800000| Untracked |  0
| 359|0x0000000659c00000, 0x0000000659c00000, 0x000000065a000000|  0%| F|  |TAMS 0x0000000659c00000| PB 0x0000000659c00000| Untracked |  0
| 360|0x000000065a000000, 0x000000065a000000, 0x000000065a400000|  0%| F|  |TAMS 0x000000065a000000| PB 0x000000065a000000| Untracked |  0
| 361|0x000000065a400000, 0x000000065a400000, 0x000000065a800000|  0%| F|  |TAMS 0x000000065a400000| PB 0x000000065a400000| Untracked |  0
| 362|0x000000065a800000, 0x000000065a800000, 0x000000065ac00000|  0%| F|  |TAMS 0x000000065a800000| PB 0x000000065a800000| Untracked |  0
| 363|0x000000065ac00000, 0x000000065ac00000, 0x000000065b000000|  0%| F|  |TAMS 0x000000065ac00000| PB 0x000000065ac00000| Untracked |  0
| 364|0x000000065b000000, 0x000000065b000000, 0x000000065b400000|  0%| F|  |TAMS 0x000000065b000000| PB 0x000000065b000000| Untracked |  0
| 365|0x000000065b400000, 0x000000065b400000, 0x000000065b800000|  0%| F|  |TAMS 0x000000065b400000| PB 0x000000065b400000| Untracked |  0
| 366|0x000000065b800000, 0x000000065b800000, 0x000000065bc00000|  0%| F|  |TAMS 0x000000065b800000| PB 0x000000065b800000| Untracked |  0
| 367|0x000000065bc00000, 0x000000065bc00000, 0x000000065c000000|  0%| F|  |TAMS 0x000000065bc00000| PB 0x000000065bc00000| Untracked |  0
| 368|0x000000065c000000, 0x000000065c000000, 0x000000065c400000|  0%| F|  |TAMS 0x000000065c000000| PB 0x000000065c000000| Untracked |  0
| 369|0x000000065c400000, 0x000000065c400000, 0x000000065c800000|  0%| F|  |TAMS 0x000000065c400000| PB 0x000000065c400000| Untracked |  0
| 370|0x000000065c800000, 0x000000065c800000, 0x000000065cc00000|  0%| F|  |TAMS 0x000000065c800000| PB 0x000000065c800000| Untracked |  0
| 371|0x000000065cc00000, 0x000000065cc00000, 0x000000065d000000|  0%| F|  |TAMS 0x000000065cc00000| PB 0x000000065cc00000| Untracked |  0
| 372|0x000000065d000000, 0x000000065d000000, 0x000000065d400000|  0%| F|  |TAMS 0x000000065d000000| PB 0x000000065d000000| Untracked |  0
| 373|0x000000065d400000, 0x000000065d400000, 0x000000065d800000|  0%| F|  |TAMS 0x000000065d400000| PB 0x000000065d400000| Untracked |  0
| 374|0x000000065d800000, 0x000000065d800000, 0x000000065dc00000|  0%| F|  |TAMS 0x000000065d800000| PB 0x000000065d800000| Untracked |  0
| 375|0x000000065dc00000, 0x000000065dc00000, 0x000000065e000000|  0%| F|  |TAMS 0x000000065dc00000| PB 0x000000065dc00000| Untracked |  0
| 376|0x000000065e000000, 0x000000065e000000, 0x000000065e400000|  0%| F|  |TAMS 0x000000065e000000| PB 0x000000065e000000| Untracked |  0
| 377|0x000000065e400000, 0x000000065e400000, 0x000000065e800000|  0%| F|  |TAMS 0x000000065e400000| PB 0x000000065e400000| Untracked |  0
| 378|0x000000065e800000, 0x000000065e800000, 0x000000065ec00000|  0%| F|  |TAMS 0x000000065e800000| PB 0x000000065e800000| Untracked |  0
| 379|0x000000065ec00000, 0x000000065ec00000, 0x000000065f000000|  0%| F|  |TAMS 0x000000065ec00000| PB 0x000000065ec00000| Untracked |  0
| 380|0x000000065f000000, 0x000000065f000000, 0x000000065f400000|  0%| F|  |TAMS 0x000000065f000000| PB 0x000000065f000000| Untracked |  0
| 381|0x000000065f400000, 0x000000065f400000, 0x000000065f800000|  0%| F|  |TAMS 0x000000065f400000| PB 0x000000065f400000| Untracked |  0
| 382|0x000000065f800000, 0x000000065f800000, 0x000000065fc00000|  0%| F|  |TAMS 0x000000065f800000| PB 0x000000065f800000| Untracked |  0
| 383|0x000000065fc00000, 0x000000065fc00000, 0x0000000660000000|  0%| F|  |TAMS 0x000000065fc00000| PB 0x000000065fc00000| Untracked |  0
| 384|0x0000000660000000, 0x0000000660000000, 0x0000000660400000|  0%| F|  |TAMS 0x0000000660000000| PB 0x0000000660000000| Untracked |  0
| 385|0x0000000660400000, 0x0000000660400000, 0x0000000660800000|  0%| F|  |TAMS 0x0000000660400000| PB 0x0000000660400000| Untracked |  0
| 386|0x0000000660800000, 0x0000000660800000, 0x0000000660c00000|  0%| F|  |TAMS 0x0000000660800000| PB 0x0000000660800000| Untracked |  0
| 387|0x0000000660c00000, 0x0000000660c00000, 0x0000000661000000|  0%| F|  |TAMS 0x0000000660c00000| PB 0x0000000660c00000| Untracked |  0
| 388|0x0000000661000000, 0x0000000661000000, 0x0000000661400000|  0%| F|  |TAMS 0x0000000661000000| PB 0x0000000661000000| Untracked |  0
| 389|0x0000000661400000, 0x0000000661400000, 0x0000000661800000|  0%| F|  |TAMS 0x0000000661400000| PB 0x0000000661400000| Untracked |  0
| 390|0x0000000661800000, 0x0000000661800000, 0x0000000661c00000|  0%| F|  |TAMS 0x0000000661800000| PB 0x0000000661800000| Untracked |  0
| 391|0x0000000661c00000, 0x0000000661c00000, 0x0000000662000000|  0%| F|  |TAMS 0x0000000661c00000| PB 0x0000000661c00000| Untracked |  0
| 392|0x0000000662000000, 0x0000000662000000, 0x0000000662400000|  0%| F|  |TAMS 0x0000000662000000| PB 0x0000000662000000| Untracked |  0
| 393|0x0000000662400000, 0x0000000662400000, 0x0000000662800000|  0%| F|  |TAMS 0x0000000662400000| PB 0x0000000662400000| Untracked |  0
| 394|0x0000000662800000, 0x0000000662800000, 0x0000000662c00000|  0%| F|  |TAMS 0x0000000662800000| PB 0x0000000662800000| Untracked |  0
| 395|0x0000000662c00000, 0x0000000662c00000, 0x0000000663000000|  0%| F|  |TAMS 0x0000000662c00000| PB 0x0000000662c00000| Untracked |  0
| 396|0x0000000663000000, 0x0000000663000000, 0x0000000663400000|  0%| F|  |TAMS 0x0000000663000000| PB 0x0000000663000000| Untracked |  0
| 397|0x0000000663400000, 0x0000000663400000, 0x0000000663800000|  0%| F|  |TAMS 0x0000000663400000| PB 0x0000000663400000| Untracked |  0
| 398|0x0000000663800000, 0x0000000663800000, 0x0000000663c00000|  0%| F|  |TAMS 0x0000000663800000| PB 0x0000000663800000| Untracked |  0
| 399|0x0000000663c00000, 0x0000000663c00000, 0x0000000664000000|  0%| F|  |TAMS 0x0000000663c00000| PB 0x0000000663c00000| Untracked |  0
| 400|0x0000000664000000, 0x0000000664000000, 0x0000000664400000|  0%| F|  |TAMS 0x0000000664000000| PB 0x0000000664000000| Untracked |  0
| 401|0x0000000664400000, 0x0000000664400000, 0x0000000664800000|  0%| F|  |TAMS 0x0000000664400000| PB 0x0000000664400000| Untracked |  0
| 402|0x0000000664800000, 0x0000000664800000, 0x0000000664c00000|  0%| F|  |TAMS 0x0000000664800000| PB 0x0000000664800000| Untracked |  0
| 403|0x0000000664c00000, 0x0000000664c00000, 0x0000000665000000|  0%| F|  |TAMS 0x0000000664c00000| PB 0x0000000664c00000| Untracked |  0
| 404|0x0000000665000000, 0x0000000665000000, 0x0000000665400000|  0%| F|  |TAMS 0x0000000665000000| PB 0x0000000665000000| Untracked |  0
| 405|0x0000000665400000, 0x0000000665400000, 0x0000000665800000|  0%| F|  |TAMS 0x0000000665400000| PB 0x0000000665400000| Untracked |  0
| 406|0x0000000665800000, 0x0000000665800000, 0x0000000665c00000|  0%| F|  |TAMS 0x0000000665800000| PB 0x0000000665800000| Untracked |  0
| 407|0x0000000665c00000, 0x0000000665c00000, 0x0000000666000000|  0%| F|  |TAMS 0x0000000665c00000| PB 0x0000000665c00000| Untracked |  0
| 408|0x0000000666000000, 0x0000000666000000, 0x0000000666400000|  0%| F|  |TAMS 0x0000000666000000| PB 0x0000000666000000| Untracked |  0
| 409|0x0000000666400000, 0x0000000666400000, 0x0000000666800000|  0%| F|  |TAMS 0x0000000666400000| PB 0x0000000666400000| Untracked |  0
| 410|0x0000000666800000, 0x0000000666800000, 0x0000000666c00000|  0%| F|  |TAMS 0x0000000666800000| PB 0x0000000666800000| Untracked |  0
| 411|0x0000000666c00000, 0x0000000666c00000, 0x0000000667000000|  0%| F|  |TAMS 0x0000000666c00000| PB 0x0000000666c00000| Untracked |  0
| 412|0x0000000667000000, 0x0000000667000000, 0x0000000667400000|  0%| F|  |TAMS 0x0000000667000000| PB 0x0000000667000000| Untracked |  0
| 413|0x0000000667400000, 0x0000000667400000, 0x0000000667800000|  0%| F|  |TAMS 0x0000000667400000| PB 0x0000000667400000| Untracked |  0
| 414|0x0000000667800000, 0x0000000667800000, 0x0000000667c00000|  0%| F|  |TAMS 0x0000000667800000| PB 0x0000000667800000| Untracked |  0
| 415|0x0000000667c00000, 0x0000000667c00000, 0x0000000668000000|  0%| F|  |TAMS 0x0000000667c00000| PB 0x0000000667c00000| Untracked |  0
| 416|0x0000000668000000, 0x0000000668000000, 0x0000000668400000|  0%| F|  |TAMS 0x0000000668000000| PB 0x0000000668000000| Untracked |  0
| 417|0x0000000668400000, 0x0000000668400000, 0x0000000668800000|  0%| F|  |TAMS 0x0000000668400000| PB 0x0000000668400000| Untracked |  0
| 418|0x0000000668800000, 0x0000000668800000, 0x0000000668c00000|  0%| F|  |TAMS 0x0000000668800000| PB 0x0000000668800000| Untracked |  0
| 419|0x0000000668c00000, 0x0000000668c00000, 0x0000000669000000|  0%| F|  |TAMS 0x0000000668c00000| PB 0x0000000668c00000| Untracked |  0
| 420|0x0000000669000000, 0x0000000669000000, 0x0000000669400000|  0%| F|  |TAMS 0x0000000669000000| PB 0x0000000669000000| Untracked |  0
| 421|0x0000000669400000, 0x0000000669400000, 0x0000000669800000|  0%| F|  |TAMS 0x0000000669400000| PB 0x0000000669400000| Untracked |  0
| 422|0x0000000669800000, 0x0000000669800000, 0x0000000669c00000|  0%| F|  |TAMS 0x0000000669800000| PB 0x0000000669800000| Untracked |  0
| 423|0x0000000669c00000, 0x0000000669c00000, 0x000000066a000000|  0%| F|  |TAMS 0x0000000669c00000| PB 0x0000000669c00000| Untracked |  0
| 424|0x000000066a000000, 0x000000066a000000, 0x000000066a400000|  0%| F|  |TAMS 0x000000066a000000| PB 0x000000066a000000| Untracked |  0
| 425|0x000000066a400000, 0x000000066a400000, 0x000000066a800000|  0%| F|  |TAMS 0x000000066a400000| PB 0x000000066a400000| Untracked |  0
| 426|0x000000066a800000, 0x000000066a800000, 0x000000066ac00000|  0%| F|  |TAMS 0x000000066a800000| PB 0x000000066a800000| Untracked |  0
| 427|0x000000066ac00000, 0x000000066ac00000, 0x000000066b000000|  0%| F|  |TAMS 0x000000066ac00000| PB 0x000000066ac00000| Untracked |  0
| 428|0x000000066b000000, 0x000000066b000000, 0x000000066b400000|  0%| F|  |TAMS 0x000000066b000000| PB 0x000000066b000000| Untracked |  0
| 429|0x000000066b400000, 0x000000066b400000, 0x000000066b800000|  0%| F|  |TAMS 0x000000066b400000| PB 0x000000066b400000| Untracked |  0
| 430|0x000000066b800000, 0x000000066b800000, 0x000000066bc00000|  0%| F|  |TAMS 0x000000066b800000| PB 0x000000066b800000| Untracked |  0
| 431|0x000000066bc00000, 0x000000066bc00000, 0x000000066c000000|  0%| F|  |TAMS 0x000000066bc00000| PB 0x000000066bc00000| Untracked |  0
| 432|0x000000066c000000, 0x000000066c000000, 0x000000066c400000|  0%| F|  |TAMS 0x000000066c000000| PB 0x000000066c000000| Untracked |  0
| 433|0x000000066c400000, 0x000000066c400000, 0x000000066c800000|  0%| F|  |TAMS 0x000000066c400000| PB 0x000000066c400000| Untracked |  0
| 434|0x000000066c800000, 0x000000066c800000, 0x000000066cc00000|  0%| F|  |TAMS 0x000000066c800000| PB 0x000000066c800000| Untracked |  0
| 435|0x000000066cc00000, 0x000000066cc00000, 0x000000066d000000|  0%| F|  |TAMS 0x000000066cc00000| PB 0x000000066cc00000| Untracked |  0
| 436|0x000000066d000000, 0x000000066d000000, 0x000000066d400000|  0%| F|  |TAMS 0x000000066d000000| PB 0x000000066d000000| Untracked |  0
| 437|0x000000066d400000, 0x000000066d400000, 0x000000066d800000|  0%| F|  |TAMS 0x000000066d400000| PB 0x000000066d400000| Untracked |  0
| 438|0x000000066d800000, 0x000000066d800000, 0x000000066dc00000|  0%| F|  |TAMS 0x000000066d800000| PB 0x000000066d800000| Untracked |  0
| 439|0x000000066dc00000, 0x000000066dc00000, 0x000000066e000000|  0%| F|  |TAMS 0x000000066dc00000| PB 0x000000066dc00000| Untracked |  0
| 440|0x000000066e000000, 0x000000066e000000, 0x000000066e400000|  0%| F|  |TAMS 0x000000066e000000| PB 0x000000066e000000| Untracked |  0
| 441|0x000000066e400000, 0x000000066e400000, 0x000000066e800000|  0%| F|  |TAMS 0x000000066e400000| PB 0x000000066e400000| Untracked |  0
| 442|0x000000066e800000, 0x000000066e800000, 0x000000066ec00000|  0%| F|  |TAMS 0x000000066e800000| PB 0x000000066e800000| Untracked |  0
| 443|0x000000066ec00000, 0x000000066ec00000, 0x000000066f000000|  0%| F|  |TAMS 0x000000066ec00000| PB 0x000000066ec00000| Untracked |  0
| 444|0x000000066f000000, 0x000000066f000000, 0x000000066f400000|  0%| F|  |TAMS 0x000000066f000000| PB 0x000000066f000000| Untracked |  0
| 445|0x000000066f400000, 0x000000066f400000, 0x000000066f800000|  0%| F|  |TAMS 0x000000066f400000| PB 0x000000066f400000| Untracked |  0
| 446|0x000000066f800000, 0x000000066f800000, 0x000000066fc00000|  0%| F|  |TAMS 0x000000066f800000| PB 0x000000066f800000| Untracked |  0
| 447|0x000000066fc00000, 0x000000066fc00000, 0x0000000670000000|  0%| F|  |TAMS 0x000000066fc00000| PB 0x000000066fc00000| Untracked |  0
| 448|0x0000000670000000, 0x0000000670000000, 0x0000000670400000|  0%| F|  |TAMS 0x0000000670000000| PB 0x0000000670000000| Untracked |  0
| 449|0x0000000670400000, 0x0000000670400000, 0x0000000670800000|  0%| F|  |TAMS 0x0000000670400000| PB 0x0000000670400000| Untracked |  0
| 450|0x0000000670800000, 0x0000000670800000, 0x0000000670c00000|  0%| F|  |TAMS 0x0000000670800000| PB 0x0000000670800000| Untracked |  0
| 451|0x0000000670c00000, 0x0000000670c00000, 0x0000000671000000|  0%| F|  |TAMS 0x0000000670c00000| PB 0x0000000670c00000| Untracked |  0
| 452|0x0000000671000000, 0x0000000671000000, 0x0000000671400000|  0%| F|  |TAMS 0x0000000671000000| PB 0x0000000671000000| Untracked |  0
| 453|0x0000000671400000, 0x0000000671404958, 0x0000000671800000|  0%| E|  |TAMS 0x0000000671400000| PB 0x0000000671400000| Complete |  0
| 454|0x0000000671800000, 0x0000000671c00000, 0x0000000671c00000|100%| E|CS|TAMS 0x0000000671800000| PB 0x0000000671800000| Complete |  0
| 455|0x0000000671c00000, 0x0000000672000000, 0x0000000672000000|100%| E|CS|TAMS 0x0000000671c00000| PB 0x0000000671c00000| Complete |  0
| 456|0x0000000672000000, 0x0000000672400000, 0x0000000672400000|100%| E|CS|TAMS 0x0000000672000000| PB 0x0000000672000000| Complete |  0
| 457|0x0000000672400000, 0x0000000672800000, 0x0000000672800000|100%| E|CS|TAMS 0x0000000672400000| PB 0x0000000672400000| Complete |  0
| 458|0x0000000672800000, 0x0000000672c00000, 0x0000000672c00000|100%| E|CS|TAMS 0x0000000672800000| PB 0x0000000672800000| Complete |  0
| 459|0x0000000672c00000, 0x0000000673000000, 0x0000000673000000|100%| E|CS|TAMS 0x0000000672c00000| PB 0x0000000672c00000| Complete |  0
| 460|0x0000000673000000, 0x0000000673400000, 0x0000000673400000|100%| E|CS|TAMS 0x0000000673000000| PB 0x0000000673000000| Complete |  0
| 461|0x0000000673400000, 0x0000000673800000, 0x0000000673800000|100%| E|CS|TAMS 0x0000000673400000| PB 0x0000000673400000| Complete |  0
| 462|0x0000000673800000, 0x0000000673c00000, 0x0000000673c00000|100%| E|CS|TAMS 0x0000000673800000| PB 0x0000000673800000| Complete |  0
| 463|0x0000000673c00000, 0x0000000674000000, 0x0000000674000000|100%| E|CS|TAMS 0x0000000673c00000| PB 0x0000000673c00000| Complete |  0
| 464|0x0000000674000000, 0x0000000674400000, 0x0000000674400000|100%| E|CS|TAMS 0x0000000674000000| PB 0x0000000674000000| Complete |  0
| 465|0x0000000674400000, 0x0000000674800000, 0x0000000674800000|100%| E|CS|TAMS 0x0000000674400000| PB 0x0000000674400000| Complete |  0
| 466|0x0000000674800000, 0x0000000674c00000, 0x0000000674c00000|100%| E|CS|TAMS 0x0000000674800000| PB 0x0000000674800000| Complete |  0
| 467|0x0000000674c00000, 0x0000000675000000, 0x0000000675000000|100%| E|CS|TAMS 0x0000000674c00000| PB 0x0000000674c00000| Complete |  0
| 468|0x0000000675000000, 0x0000000675400000, 0x0000000675400000|100%| E|CS|TAMS 0x0000000675000000| PB 0x0000000675000000| Complete |  0
| 469|0x0000000675400000, 0x0000000675800000, 0x0000000675800000|100%| E|CS|TAMS 0x0000000675400000| PB 0x0000000675400000| Complete |  0
| 470|0x0000000675800000, 0x0000000675c00000, 0x0000000675c00000|100%| E|CS|TAMS 0x0000000675800000| PB 0x0000000675800000| Complete |  0
| 471|0x0000000675c00000, 0x0000000676000000, 0x0000000676000000|100%| E|CS|TAMS 0x0000000675c00000| PB 0x0000000675c00000| Complete |  0
| 472|0x0000000676000000, 0x0000000676400000, 0x0000000676400000|100%| E|CS|TAMS 0x0000000676000000| PB 0x0000000676000000| Complete |  0
| 473|0x0000000676400000, 0x0000000676800000, 0x0000000676800000|100%| E|CS|TAMS 0x0000000676400000| PB 0x0000000676400000| Complete |  0
| 474|0x0000000676800000, 0x0000000676c00000, 0x0000000676c00000|100%| E|CS|TAMS 0x0000000676800000| PB 0x0000000676800000| Complete |  0
| 475|0x0000000676c00000, 0x0000000677000000, 0x0000000677000000|100%| E|CS|TAMS 0x0000000676c00000| PB 0x0000000676c00000| Complete |  0
| 476|0x0000000677000000, 0x0000000677400000, 0x0000000677400000|100%| E|CS|TAMS 0x0000000677000000| PB 0x0000000677000000| Complete |  0
| 477|0x0000000677400000, 0x0000000677800000, 0x0000000677800000|100%| E|CS|TAMS 0x0000000677400000| PB 0x0000000677400000| Complete |  0
| 478|0x0000000677800000, 0x0000000677c00000, 0x0000000677c00000|100%| E|CS|TAMS 0x0000000677800000| PB 0x0000000677800000| Complete |  0
| 479|0x0000000677c00000, 0x0000000678000000, 0x0000000678000000|100%| E|CS|TAMS 0x0000000677c00000| PB 0x0000000677c00000| Complete |  0
| 480|0x0000000678000000, 0x0000000678400000, 0x0000000678400000|100%| E|CS|TAMS 0x0000000678000000| PB 0x0000000678000000| Complete |  0
| 481|0x0000000678400000, 0x0000000678800000, 0x0000000678800000|100%| E|CS|TAMS 0x0000000678400000| PB 0x0000000678400000| Complete |  0
|2047|0x00000007ffc00000, 0x0000000800000000, 0x0000000800000000|100%| E|CS|TAMS 0x00000007ffc00000| PB 0x00000007ffc00000| Complete |  0

Card table byte_map: [0x00000222287e0000,0x00000222297e0000] _byte_map_base: 0x00000222257e0000

Marking Bits: (CMBitMap*) 0x000002227e2927b0
 Bits: [0x00000222297e0000, 0x00000222317e0000)

Polling page: 0x000002227d9c0000

Metaspace:

Usage:
  Non-class:    129.70 MB used.
      Class:     15.81 MB used.
       Both:    145.52 MB used.

Virtual space:
  Non-class space:      192.00 MB reserved,     131.06 MB ( 68%) committed,  3 nodes.
      Class space:        1.00 GB reserved,      17.00 MB (  2%) committed,  1 nodes.
             Both:        1.19 GB reserved,     148.06 MB ( 12%) committed. 

Chunk freelists:
   Non-Class:  12.45 MB
       Class:  14.97 MB
        Both:  27.42 MB

MaxMetaspaceSize: 4.00 GB
CompressedClassSpaceSize: 1.00 GB
Initial GC threshold: 21.00 MB
Current GC threshold: 225.56 MB
CDS: on
 - commit_granule_bytes: 65536.
 - commit_granule_words: 8192.
 - virtual_space_node_default_size: 8388608.
 - enlarge_chunks_in_place: 1.
UseCompressedClassPointers 1, UseCompactObjectHeaders 0
Narrow klass pointer bits 32, Max shift 3
Narrow klass base: 0x0000022234000000, Narrow klass shift: 0
Encoding Range: [0x0000022234000000 - 0x0000022334000000), (4294967296 bytes)
Klass Range:    [0x0000022234000000 - 0x0000022275000000), (1090519040 bytes)
Klass ID Range:  [8 - 1090519033) (1090519025)


Internal statistics:

num_allocs_failed_limit: 39.
num_arena_births: 4594.
num_arena_deaths: 14.
num_vsnodes_births: 4.
num_vsnodes_deaths: 0.
num_space_committed: 2368.
num_space_uncommitted: 0.
num_chunks_returned_to_freelist: 68.
num_chunks_taken_from_freelist: 10397.
num_chunk_merges: 37.
num_chunk_splits: 7417.
num_chunks_enlarged: 5261.
num_inconsistent_stats: 0.

CodeHeap 'non-profiled nmethods': size=259328Kb used=10417Kb max_used=10417Kb free=248910Kb
 bounds [0x0000022218aa0000, 0x00000222194d0000, 0x00000222287e0000]
CodeHeap 'profiled nmethods': size=259264Kb used=29747Kb max_used=29747Kb free=229516Kb
 bounds [0x00000222087e0000, 0x000002220a4f0000, 0x0000022218510000]
CodeHeap 'non-nmethods': size=5696Kb used=2974Kb max_used=3020Kb free=2721Kb
 bounds [0x0000022218510000, 0x0000022218820000, 0x0000022218aa0000]
CodeCache: size=524288Kb, used=43138Kb, max_used=43184Kb, free=481147Kb
 total_blobs=18839, nmethods=17602, adapters=1138, full_count=0
Compilation: enabled, stopped_count=0, restarted_count=0

Compilation events (20 events):
Event: 165.161 Thread 0x000002227fdadaf0 21562       3       org.jetbrains.kotlin.metadata.jvm.JvmModuleProtoBuf$Module::getOptionalAnnotationClassCount (10 bytes)
Event: 165.161 Thread 0x000002227fdadaf0 nmethod 21562 0x000002220a4de708 code [0x000002220a4de820, 0x000002220a4de9f8]
Event: 165.163 Thread 0x000002227fdadaf0 21564       3       org.jetbrains.kotlin.metadata.ProtoBuf$StringTable::getDefaultInstance (4 bytes)
Event: 165.164 Thread 0x000002227fdadaf0 nmethod 21564 0x000002220a4dea88 code [0x000002220a4deba0, 0x000002220a4dec90]
Event: 165.164 Thread 0x000002227fdadaf0 21565       3       org.jetbrains.kotlin.metadata.ProtoBuf$QualifiedNameTable::getDefaultInstance (4 bytes)
Event: 165.164 Thread 0x000002227fdadaf0 nmethod 21565 0x000002220a4ded88 code [0x000002220a4deea0, 0x000002220a4def90]
Event: 165.171 Thread 0x000002227fdadaf0 21566       3       org.jetbrains.kotlin.com.intellij.util.io.FileAccessorCache$Handle::allocate (9 bytes)
Event: 165.172 Thread 0x000002227fdadaf0 nmethod 21566 0x000002220a4df088 code [0x000002220a4df1a0, 0x000002220a4df360]
Event: 165.190 Thread 0x000002227fdadaf0 21568       3       org.jetbrains.kotlin.metadata.jvm.JvmModuleProtoBuf$Module::isInitialized (185 bytes)
Event: 165.192 Thread 0x000002227fdadaf0 nmethod 21568 0x000002220a4df388 code [0x000002220a4df660, 0x000002220a4e1300]
Event: 165.199 Thread 0x000002227fd92b80 nmethod 21553 0x00000222194caa08 code [0x00000222194cac40, 0x00000222194cc540]
Event: 165.199 Thread 0x000002227fd92b80 21558       4       org.jetbrains.kotlin.protobuf.LazyStringArrayList::get (6 bytes)
Event: 165.200 Thread 0x000002227fdadaf0 21569   !   3       org.jetbrains.kotlin.metadata.jvm.JvmModuleProtoBuf$Module::<init> (844 bytes)
Event: 165.225 Thread 0x000002227fdadaf0 nmethod 21569 0x000002220a4e1388 code [0x000002220a4e1b20, 0x000002220a4e8598]
Event: 165.225 Thread 0x000002227fdadaf0 21572       3       org.jetbrains.kotlin.metadata.builtins.BuiltInsProtoBuf::registerAllExtensions (85 bytes)
Event: 165.226 Thread 0x000002227fdadaf0 nmethod 21572 0x000002220a4e8708 code [0x000002220a4e88c0, 0x000002220a4e9260]
Event: 165.226 Thread 0x000002227fdadaf0 21570       3       org.jetbrains.kotlin.metadata.ProtoBuf$StringTable$1::parsePartialFrom (7 bytes)
Event: 165.227 Thread 0x000002227fdadaf0 nmethod 21570 0x000002220a4e9288 code [0x000002220a4e93a0, 0x000002220a4e9558]
Event: 165.227 Thread 0x000002227fdadaf0 21571       3       org.jetbrains.kotlin.metadata.ProtoBuf$StringTable$1::parsePartialFrom (11 bytes)
Event: 165.227 Thread 0x000002227fdadaf0 nmethod 21571 0x000002220a4e9588 code [0x000002220a4e96c0, 0x000002220a4e98c0]

GC Heap History (20 events):
Event: 121.227 GC heap before
{Heap before GC invocations=87 (full 0):
 garbage-first heap   total reserved 8388608K, committed 786432K, used 634567K [0x0000000600000000, 0x0000000800000000)
  region size 4096K, 113 young (462848K), 3 survivors (12288K)
 Metaspace       used 136213K, committed 138624K, reserved 1179648K
  class space    used 14723K, committed 15808K, reserved 1048576K
}
Event: 121.353 GC heap after
{Heap after GC invocations=88 (full 0):
 garbage-first heap   total reserved 8388608K, committed 786432K, used 186069K [0x0000000600000000, 0x0000000800000000)
  region size 4096K, 3 young (12288K), 3 survivors (12288K)
 Metaspace       used 136213K, committed 138624K, reserved 1179648K
  class space    used 14723K, committed 15808K, reserved 1048576K
}
Event: 124.393 GC heap before
{Heap before GC invocations=88 (full 0):
 garbage-first heap   total reserved 8388608K, committed 786432K, used 480981K [0x0000000600000000, 0x0000000800000000)
  region size 4096K, 75 young (307200K), 3 survivors (12288K)
 Metaspace       used 136214K, committed 138624K, reserved 1179648K
  class space    used 14723K, committed 15808K, reserved 1048576K
}
Event: 124.429 GC heap after
{Heap after GC invocations=89 (full 0):
 garbage-first heap   total reserved 8388608K, committed 1142784K, used 188546K [0x0000000600000000, 0x0000000800000000)
  region size 4096K, 4 young (16384K), 4 survivors (16384K)
 Metaspace       used 136214K, committed 138624K, reserved 1179648K
  class space    used 14723K, committed 15808K, reserved 1048576K
}
Event: 137.303 GC heap before
{Heap before GC invocations=89 (full 0):
 garbage-first heap   total reserved 8388608K, committed 1142784K, used 520322K [0x0000000600000000, 0x0000000800000000)
  region size 4096K, 85 young (348160K), 4 survivors (16384K)
 Metaspace       used 139424K, committed 142016K, reserved 1179648K
  class space    used 15171K, committed 16384K, reserved 1048576K
}
Event: 137.331 GC heap after
{Heap after GC invocations=90 (full 0):
 garbage-first heap   total reserved 8388608K, committed 1142784K, used 179424K [0x0000000600000000, 0x0000000800000000)
  region size 4096K, 2 young (8192K), 2 survivors (8192K)
 Metaspace       used 139424K, committed 142016K, reserved 1179648K
  class space    used 15171K, committed 16384K, reserved 1048576K
}
Event: 146.242 GC heap before
{Heap before GC invocations=90 (full 0):
 garbage-first heap   total reserved 8388608K, committed 1142784K, used 621792K [0x0000000600000000, 0x0000000800000000)
  region size 4096K, 108 young (442368K), 2 survivors (8192K)
 Metaspace       used 147358K, committed 149952K, reserved 1245184K
  class space    used 16073K, committed 17280K, reserved 1048576K
}
Event: 146.293 GC heap after
{Heap after GC invocations=91 (full 0):
 garbage-first heap   total reserved 8388608K, committed 1142784K, used 191211K [0x0000000600000000, 0x0000000800000000)
  region size 4096K, 3 young (12288K), 3 survivors (12288K)
 Metaspace       used 147358K, committed 149952K, reserved 1245184K
  class space    used 16073K, committed 17280K, reserved 1048576K
}
Event: 147.571 GC heap before
{Heap before GC invocations=91 (full 0):
 garbage-first heap   total reserved 8388608K, committed 1142784K, used 654059K [0x0000000600000000, 0x0000000800000000)
  region size 4096K, 116 young (475136K), 3 survivors (12288K)
 Metaspace       used 147358K, committed 149952K, reserved 1245184K
  class space    used 16073K, committed 17280K, reserved 1048576K
}
Event: 147.600 GC heap after
{Heap after GC invocations=92 (full 0):
 garbage-first heap   total reserved 8388608K, committed 1142784K, used 198440K [0x0000000600000000, 0x0000000800000000)
  region size 4096K, 5 young (20480K), 5 survivors (20480K)
 Metaspace       used 147358K, committed 149952K, reserved 1245184K
  class space    used 16073K, committed 17280K, reserved 1048576K
}
Event: 151.649 GC heap before
{Heap before GC invocations=92 (full 0):
 garbage-first heap   total reserved 8388608K, committed 1142784K, used 661288K [0x0000000600000000, 0x0000000800000000)
  region size 4096K, 118 young (483328K), 5 survivors (20480K)
 Metaspace       used 148853K, committed 151488K, reserved 1245184K
  class space    used 16188K, committed 17408K, reserved 1048576K
}
Event: 151.660 GC heap after
{Heap after GC invocations=93 (full 0):
 garbage-first heap   total reserved 8388608K, committed 1142784K, used 192380K [0x0000000600000000, 0x0000000800000000)
  region size 4096K, 4 young (16384K), 4 survivors (16384K)
 Metaspace       used 148853K, committed 151488K, reserved 1245184K
  class space    used 16188K, committed 17408K, reserved 1048576K
}
Event: 155.454 GC heap before
{Heap before GC invocations=93 (full 0):
 garbage-first heap   total reserved 8388608K, committed 1142784K, used 749436K [0x0000000600000000, 0x0000000800000000)
  region size 4096K, 140 young (573440K), 4 survivors (16384K)
 Metaspace       used 148902K, committed 151552K, reserved 1245184K
  class space    used 16188K, committed 17408K, reserved 1048576K
}
Event: 155.575 GC heap after
{Heap after GC invocations=94 (full 0):
 garbage-first heap   total reserved 8388608K, committed 1142784K, used 193200K [0x0000000600000000, 0x0000000800000000)
  region size 4096K, 4 young (16384K), 4 survivors (16384K)
 Metaspace       used 148902K, committed 151552K, reserved 1245184K
  class space    used 16188K, committed 17408K, reserved 1048576K
}
Event: 158.342 GC heap before
{Heap before GC invocations=94 (full 0):
 garbage-first heap   total reserved 8388608K, committed 1142784K, used 660144K [0x0000000600000000, 0x0000000800000000)
  region size 4096K, 118 young (483328K), 4 survivors (16384K)
 Metaspace       used 148903K, committed 151552K, reserved 1245184K
  class space    used 16188K, committed 17408K, reserved 1048576K
}
Event: 158.641 GC heap after
{Heap after GC invocations=95 (full 0):
 garbage-first heap   total reserved 8388608K, committed 1142784K, used 193168K [0x0000000600000000, 0x0000000800000000)
  region size 4096K, 4 young (16384K), 4 survivors (16384K)
 Metaspace       used 148903K, committed 151552K, reserved 1245184K
  class space    used 16188K, committed 17408K, reserved 1048576K
}
Event: 160.614 GC heap before
{Heap before GC invocations=95 (full 0):
 garbage-first heap   total reserved 8388608K, committed 1142784K, used 324240K [0x0000000600000000, 0x0000000800000000)
  region size 4096K, 36 young (147456K), 4 survivors (16384K)
 Metaspace       used 148903K, committed 151552K, reserved 1245184K
  class space    used 16188K, committed 17408K, reserved 1048576K
}
Event: 160.988 GC heap after
{Heap after GC invocations=96 (full 0):
 garbage-first heap   total reserved 8388608K, committed 1142784K, used 196030K [0x0000000600000000, 0x0000000800000000)
  region size 4096K, 4 young (16384K), 4 survivors (16384K)
 Metaspace       used 148903K, committed 151552K, reserved 1245184K
  class space    used 16188K, committed 17408K, reserved 1048576K
}
Event: 161.315 GC heap before
{Heap before GC invocations=96 (full 0):
 garbage-first heap   total reserved 8388608K, committed 1142784K, used 232894K [0x0000000600000000, 0x0000000800000000)
  region size 4096K, 13 young (53248K), 4 survivors (16384K)
 Metaspace       used 148903K, committed 151552K, reserved 1245184K
  class space    used 16188K, committed 17408K, reserved 1048576K
}
Event: 161.349 GC heap after
{Heap after GC invocations=97 (full 0):
 garbage-first heap   total reserved 8388608K, committed 1978368K, used 196859K [0x0000000600000000, 0x0000000800000000)
  region size 4096K, 2 young (8192K), 2 survivors (8192K)
 Metaspace       used 148903K, committed 151552K, reserved 1245184K
  class space    used 16188K, committed 17408K, reserved 1048576K
}

Dll operation events (15 events):
Event: 0.023 Loaded shared library C:\Program Files\Java\jdk-24\bin\java.dll
Event: 0.077 Loaded shared library C:\Program Files\Java\jdk-24\bin\jsvml.dll
Event: 0.168 Loaded shared library C:\Program Files\Java\jdk-24\bin\zip.dll
Event: 0.173 Loaded shared library C:\Program Files\Java\jdk-24\bin\instrument.dll
Event: 0.180 Loaded shared library C:\Program Files\Java\jdk-24\bin\net.dll
Event: 0.185 Loaded shared library C:\Program Files\Java\jdk-24\bin\nio.dll
Event: 0.190 Loaded shared library C:\Program Files\Java\jdk-24\bin\zip.dll
Event: 0.642 Loaded shared library C:\Program Files\Java\jdk-24\bin\jimage.dll
Event: 0.868 Loaded shared library C:\Program Files\Java\jdk-24\bin\verify.dll
Event: 1.225 Loaded shared library C:\Users\Bradford Nfor\.gradle\native\1def1411415f61bf3af743bc5b6707747c0891f09f0c88961ee8f79bc544acac\windows-amd64\native-platform.dll
Event: 1.261 Loaded shared library C:\Users\Bradford Nfor\.gradle\native\0.2.7\x86_64-windows-gnu\gradle-fileevents.dll
Event: 3.097 Loaded shared library C:\Program Files\Java\jdk-24\bin\management.dll
Event: 3.103 Loaded shared library C:\Program Files\Java\jdk-24\bin\management_ext.dll
Event: 3.372 Loaded shared library C:\Program Files\Java\jdk-24\bin\extnet.dll
Event: 3.777 Loaded shared library C:\Program Files\Java\jdk-24\bin\sunmscapi.dll

Deoptimization events (20 events):
Event: 153.321 Thread 0x000002227af08de0 Uncommon trap: trap_request=0xffffffd6 fr.pc=0x00000222194815e8 relative=0x0000000000000308
Event: 153.321 Thread 0x000002227af08de0 Uncommon trap: reason=array_check action=maybe_recompile pc=0x00000222194815e8 method=com.google.common.collect.ImmutableList.copyIntoArray([Ljava/lang/Object;I)I @ 25 c2
Event: 153.321 Thread 0x000002227af08de0 DEOPT PACKING pc=0x00000222194815e8 sp=0x000000bb787f4620
Event: 153.321 Thread 0x000002227af08de0 DEOPT UNPACKING pc=0x0000022218624002 sp=0x000000bb787f45b8 mode 2
Event: 158.193 Thread 0x000002227af08de0 Uncommon trap: trap_request=0xffffff4d fr.pc=0x0000022219114fc0 relative=0x0000000000002e80
Event: 158.194 Thread 0x000002227af08de0 Uncommon trap: reason=unstable_if action=reinterpret pc=0x0000022219114fc0 method=java.lang.String.startsWith(Ljava/lang/String;I)Z @ 50 c2
Event: 158.194 Thread 0x000002227af08de0 DEOPT PACKING pc=0x0000022219114fc0 sp=0x000000bb787f49b0
Event: 158.195 Thread 0x000002227af08de0 DEOPT UNPACKING pc=0x0000022218624002 sp=0x000000bb787f46a0 mode 2
Event: 158.280 Thread 0x000002227af08de0 DEOPT PACKING pc=0x000002220a1cb584 sp=0x000000bb787f4a90
Event: 158.280 Thread 0x000002227af08de0 DEOPT UNPACKING pc=0x0000022218565722 sp=0x000000bb787f4018 mode 0
Event: 161.805 Thread 0x000002227af08de0 DEOPT PACKING pc=0x000002220a08aa7e sp=0x000000bb787f4ba0
Event: 161.806 Thread 0x000002227af08de0 DEOPT UNPACKING pc=0x0000022218565722 sp=0x000000bb787f4038 mode 0
Event: 161.974 Thread 0x000002227af08de0 Uncommon trap: trap_request=0xffffff4d fr.pc=0x000002221948d1e8 relative=0x0000000000000728
Event: 161.974 Thread 0x000002227af08de0 Uncommon trap: reason=unstable_if action=reinterpret pc=0x000002221948d1e8 method=kotlinx.metadata.jvm.KotlinClassMetadata$Companion.read(Lkotlinx/metadata/jvm/KotlinClassHeader;)Lkotlinx/metadata/jvm/KotlinClassMetadata; @ 45 c2
Event: 161.974 Thread 0x000002227af08de0 DEOPT PACKING pc=0x000002221948d1e8 sp=0x000000bb787f47c0
Event: 161.975 Thread 0x000002227af08de0 DEOPT UNPACKING pc=0x0000022218624002 sp=0x000000bb787f4770 mode 2
Event: 163.628 Thread 0x000002227af08de0 Uncommon trap: trap_request=0xffffff4d fr.pc=0x0000022218f4584c relative=0x00000000000000ac
Event: 163.628 Thread 0x000002227af08de0 Uncommon trap: reason=unstable_if action=reinterpret pc=0x0000022218f4584c method=java.lang.String.startsWith(Ljava/lang/String;I)Z @ 50 c2
Event: 163.628 Thread 0x000002227af08de0 DEOPT PACKING pc=0x0000022218f4584c sp=0x000000bb787f2370
Event: 163.628 Thread 0x000002227af08de0 DEOPT UNPACKING pc=0x0000022218624002 sp=0x000000bb787f2200 mode 2

Classes loaded (20 events):
Event: 140.824 Loading class jdk/management/jfr/FlightRecorderMXBeanImpl$MXBeanListener
Event: 140.824 Loading class jdk/jfr/FlightRecorderListener
Event: 140.824 Loading class jdk/jfr/FlightRecorderListener done
Event: 140.824 Loading class jdk/management/jfr/FlightRecorderMXBeanImpl$MXBeanListener done
Event: 140.824 Loading class javax/management/ListenerNotFoundException
Event: 140.825 Loading class javax/management/OperationsException
Event: 140.825 Loading class javax/management/JMException
Event: 140.825 Loading class javax/management/JMException done
Event: 140.825 Loading class javax/management/OperationsException done
Event: 140.825 Loading class javax/management/ListenerNotFoundException done
Event: 140.895 Loading class com/sun/jmx/mbeanserver/StandardMBeanSupport
Event: 140.896 Loading class com/sun/jmx/mbeanserver/StandardMBeanSupport done
Event: 140.896 Loading class com/sun/jmx/mbeanserver/StandardMBeanIntrospector
Event: 140.896 Loading class com/sun/jmx/mbeanserver/StandardMBeanIntrospector done
Event: 144.149 Loading class java/lang/ThreadDeath
Event: 144.149 Loading class java/lang/ThreadDeath done
Event: 144.149 Loading class sun/misc/SharedSecrets
Event: 144.149 Loading class sun/misc/SharedSecrets done
Event: 145.020 Loading class java/nio/file/FileTreeWalker$1
Event: 145.021 Loading class java/nio/file/FileTreeWalker$1 done

Classes unloaded (20 events):
Event: 65.820 Thread 0x000002227fd59790 Unloading class 0x000002223554e000 '_BuildScript_$_run_closure1$_closure2$_closure3'
Event: 65.820 Thread 0x000002227fd59790 Unloading class 0x000002223554d948 '_BuildScript_$_run_closure1$_closure2'
Event: 65.820 Thread 0x000002227fd59790 Unloading class 0x000002223554d548 '_BuildScript_$_run_closure1'
Event: 65.820 Thread 0x000002227fd59790 Unloading class 0x000002223554d000 '_BuildScript_'
Event: 65.820 Thread 0x000002227fd59790 Unloading class 0x0000022235544400 '_BuildScript_$_run_closure1$_closure2$_closure3$_closure4'
Event: 65.820 Thread 0x000002227fd59790 Unloading class 0x0000022235544000 '_BuildScript_$_run_closure1$_closure2$_closure3'
Event: 65.820 Thread 0x000002227fd59790 Unloading class 0x0000022235543948 '_BuildScript_$_run_closure1$_closure2'
Event: 65.820 Thread 0x000002227fd59790 Unloading class 0x0000022235543548 '_BuildScript_$_run_closure1'
Event: 65.820 Thread 0x000002227fd59790 Unloading class 0x0000022235543000 '_BuildScript_'
Event: 65.820 Thread 0x000002227fd59790 Unloading class 0x0000022235541948 '_BuildScript_$_run_closure1$_closure2'
Event: 65.820 Thread 0x000002227fd59790 Unloading class 0x0000022235541548 '_BuildScript_$_run_closure1'
Event: 65.820 Thread 0x000002227fd59790 Unloading class 0x0000022235541000 '_BuildScript_'
Event: 65.820 Thread 0x000002227fd59790 Unloading class 0x0000022235540c00 'ProtobufPatchPlugin$_apply_closure1$_closure2$_closure3$_closure4'
Event: 65.821 Thread 0x000002227fd59790 Unloading class 0x0000022235540800 'ProtobufPatchPlugin$_apply_closure1$_closure2$_closure3'
Event: 65.821 Thread 0x000002227fd59790 Unloading class 0x0000022235540400 'ProtobufPatchPlugin$_apply_closure1$_closure2'
Event: 65.821 Thread 0x000002227fd59790 Unloading class 0x0000022235540000 'ProtobufPatchPlugin$_apply_closure1'
Event: 65.821 Thread 0x000002227fd59790 Unloading class 0x0000022235533400 'ProtobufPatchPlugin'
Event: 65.824 Thread 0x000002227fd59790 Unloading class 0x00000222354d0948 '_BuildScript_$_run_closure1$_closure2'
Event: 65.824 Thread 0x000002227fd59790 Unloading class 0x00000222354d0548 '_BuildScript_$_run_closure1'
Event: 65.824 Thread 0x000002227fd59790 Unloading class 0x00000222354d0000 '_BuildScript_'

Classes redefined (0 events):
No events

Internal exceptions (20 events):
Event: 144.154 Thread 0x000002227af08de0 Exception <a 'java/lang/ClassNotFoundException'{0x000000062db6f7a0}: org/jetbrains/kotlin/gradle/targets/js/npm/DefaultNpmDependencyExtensionCustomizer> (0x000000062db6f7a0) 
thrown [s\open\src\hotspot\share\classfile\systemDictionary.cpp, line 327]
Event: 144.199 Thread 0x000002227af08de0 Exception <a 'java/lang/ClassNotFoundException'{0x000000062d417f90}: org/jetbrains/kotlin/gradle/targets/js/npm/NpmDependencyExtensionKt$defaultNpmDependencyDelegate$1BeanInfo> (0x000000062d417f90) 
thrown [s\open\src\hotspot\share\classfile\systemDictionary.cpp, line 327]
Event: 144.200 Thread 0x000002227af08de0 Exception <a 'java/lang/ClassNotFoundException'{0x000000062d427dc0}: org/jetbrains/kotlin/gradle/targets/js/npm/NpmDependencyExtensionDelegateBeanInfo> (0x000000062d427dc0) 
thrown [s\open\src\hotspot\share\classfile\systemDictionary.cpp, line 327]
Event: 144.203 Thread 0x000002227af08de0 Exception <a 'java/lang/ClassNotFoundException'{0x000000062d437bc0}: org/jetbrains/kotlin/gradle/targets/js/npm/NpmDependencyExtensionDelegateCustomizer> (0x000000062d437bc0) 
thrown [s\open\src\hotspot\share\classfile\systemDictionary.cpp, line 327]
Event: 144.206 Thread 0x000002227af08de0 Exception <a 'java/lang/ClassNotFoundException'{0x000000062d475058}: org/jetbrains/kotlin/gradle/targets/js/npm/NpmDependencyExtensionKt$defaultNpmDependencyDelegate$1Customizer> (0x000000062d475058) 
thrown [s\open\src\hotspot\share\classfile\systemDictionary.cpp, line 327]
Event: 144.212 Thread 0x000002227af08de0 Exception <a 'java/lang/ClassNotFoundException'{0x000000062d4c0710}: org/jetbrains/kotlin/gradle/targets/js/npm/DefaultDevNpmDependencyExtensionBeanInfo> (0x000000062d4c0710) 
thrown [s\open\src\hotspot\share\classfile\systemDictionary.cpp, line 327]
Event: 144.214 Thread 0x000002227af08de0 Exception <a 'java/lang/ClassNotFoundException'{0x000000062d4d0518}: org/jetbrains/kotlin/gradle/targets/js/npm/DefaultDevNpmDependencyExtensionCustomizer> (0x000000062d4d0518) 
thrown [s\open\src\hotspot\share\classfile\systemDictionary.cpp, line 327]
Event: 144.219 Thread 0x000002227af08de0 Exception <a 'java/lang/ClassNotFoundException'{0x000000062d526d60}: org/jetbrains/kotlin/gradle/targets/js/npm/DefaultPeerNpmDependencyExtensionBeanInfo> (0x000000062d526d60) 
thrown [s\open\src\hotspot\share\classfile\systemDictionary.cpp, line 327]
Event: 144.221 Thread 0x000002227af08de0 Exception <a 'java/lang/ClassNotFoundException'{0x000000062d536b70}: org/jetbrains/kotlin/gradle/targets/js/npm/DefaultPeerNpmDependencyExtensionCustomizer> (0x000000062d536b70) 
thrown [s\open\src\hotspot\share\classfile\systemDictionary.cpp, line 327]
Event: 144.229 Thread 0x000002227af08de0 Exception <a 'java/lang/ClassNotFoundException'{0x000000062d59a0a0}: org/jetbrains/kotlin/gradle/targets/js/npm/DefaultPeerNpmDependencyExtension$delegate$1BeanInfo> (0x000000062d59a0a0) 
thrown [s\open\src\hotspot\share\classfile\systemDictionary.cpp, line 327]
Event: 144.230 Thread 0x000002227af08de0 Exception <a 'java/lang/ClassNotFoundException'{0x000000062d5a9f60}: org/jetbrains/kotlin/gradle/targets/js/npm/DefaultPeerNpmDependencyExtension$delegate$1Customizer> (0x000000062d5a9f60) 
thrown [s\open\src\hotspot\share\classfile\systemDictionary.cpp, line 327]
Event: 144.968 Thread 0x000002227af08de0 Exception <a 'java/lang/NoSuchMethodError'{0x000000062c506930}: 'int java.lang.invoke.DirectMethodHandle$Holder.invokeSpecialIFC(java.lang.Object, java.lang.Object, java.lang.Object, java.lang.Object, java.lang.Object)'> (0x000000062c506930) 
thrown [s\open\src\hotspot\share\interpreter\linkResolver.cpp, line 805]
Event: 148.827 Thread 0x00000222817237d0 Exception <a 'java/io/IOException'{0x00000006370004e0}> (0x00000006370004e0) 
thrown [s\open\src\hotspot\share\prims\jni.cpp, line 518]
Event: 148.828 Thread 0x00000222817237d0 Exception <a 'java/io/IOException'{0x00000006370009e0}> (0x00000006370009e0) 
thrown [s\open\src\hotspot\share\prims\jni.cpp, line 518]
Event: 148.829 Thread 0x00000222817237d0 Exception <a 'java/io/IOException'{0x0000000637000ed0}> (0x0000000637000ed0) 
thrown [s\open\src\hotspot\share\prims\jni.cpp, line 518]
Event: 148.831 Thread 0x00000222817237d0 Exception <a 'java/io/IOException'{0x0000000637001768}> (0x0000000637001768) 
thrown [s\open\src\hotspot\share\prims\jni.cpp, line 518]
Event: 148.832 Thread 0x00000222817237d0 Exception <a 'java/io/IOException'{0x0000000637001c68}> (0x0000000637001c68) 
thrown [s\open\src\hotspot\share\prims\jni.cpp, line 518]
Event: 148.832 Thread 0x00000222817237d0 Exception <a 'java/io/IOException'{0x0000000637002158}> (0x0000000637002158) 
thrown [s\open\src\hotspot\share\prims\jni.cpp, line 518]
Event: 162.952 Thread 0x000002227af08de0 Exception <a 'sun/nio/fs/WindowsException'{0x0000000673c5fcd0}> (0x0000000673c5fcd0) 
thrown [s\open\src\hotspot\share\prims\jni.cpp, line 518]
Event: 162.956 Thread 0x000002227af08de0 Exception <a 'sun/nio/fs/WindowsException'{0x0000000673c61fe0}> (0x0000000673c61fe0) 
thrown [s\open\src\hotspot\share\prims\jni.cpp, line 518]

VM Operations (20 events):
Event: 140.961 Executing VM operation: HandshakeAllThreads (Deoptimize)
Event: 140.961 Executing VM operation: HandshakeAllThreads (Deoptimize) done
Event: 140.973 Executing VM operation: HandshakeAllThreads (Deoptimize)
Event: 140.973 Executing VM operation: HandshakeAllThreads (Deoptimize) done
Event: 146.240 Executing VM operation: G1CollectForAllocation (G1 Evacuation Pause)
Event: 146.294 Executing VM operation: G1CollectForAllocation (G1 Evacuation Pause) done
Event: 147.571 Executing VM operation: G1CollectForAllocation (G1 Evacuation Pause)
Event: 147.600 Executing VM operation: G1CollectForAllocation (G1 Evacuation Pause) done
Event: 150.526 Executing VM operation: HandshakeAllThreads (Deoptimize)
Event: 150.526 Executing VM operation: HandshakeAllThreads (Deoptimize) done
Event: 151.649 Executing VM operation: G1CollectForAllocation (G1 Evacuation Pause)
Event: 151.660 Executing VM operation: G1CollectForAllocation (G1 Evacuation Pause) done
Event: 155.454 Executing VM operation: G1CollectForAllocation (G1 Evacuation Pause)
Event: 155.575 Executing VM operation: G1CollectForAllocation (G1 Evacuation Pause) done
Event: 158.340 Executing VM operation: G1CollectForAllocation (G1 Evacuation Pause)
Event: 158.641 Executing VM operation: G1CollectForAllocation (G1 Evacuation Pause) done
Event: 160.612 Executing VM operation: G1CollectForAllocation (G1 Evacuation Pause)
Event: 160.988 Executing VM operation: G1CollectForAllocation (G1 Evacuation Pause) done
Event: 161.315 Executing VM operation: G1CollectForAllocation (G1 Evacuation Pause)
Event: 161.349 Executing VM operation: G1CollectForAllocation (G1 Evacuation Pause) done

Memory protections (0 events):
No events

Nmethod flushes (20 events):
Event: 104.908 Thread 0x000002227fd59790 flushing  nmethod 0x0000022218cf8708
Event: 104.908 Thread 0x000002227fd59790 flushing  nmethod 0x0000022218d01488
Event: 104.908 Thread 0x000002227fd59790 flushing  nmethod 0x0000022218de5988
Event: 104.908 Thread 0x000002227fd59790 flushing  nmethod 0x0000022218e86c88
Event: 104.908 Thread 0x000002227fd59790 flushing  nmethod 0x00000222089a0008
Event: 104.908 Thread 0x000002227fd59790 flushing  nmethod 0x000002220908e388
Event: 104.908 Thread 0x000002227fd59790 flushing  nmethod 0x0000022209528d08
Event: 104.908 Thread 0x000002227fd59790 flushing  nmethod 0x0000022209850988
Event: 104.908 Thread 0x000002227fd59790 flushing  nmethod 0x0000022219154408
Event: 104.908 Thread 0x000002227fd59790 flushing  nmethod 0x0000022209745308
Event: 104.908 Thread 0x000002227fd59790 flushing  nmethod 0x0000022209746488
Event: 104.908 Thread 0x000002227fd59790 flushing  nmethod 0x0000022209747688
Event: 104.908 Thread 0x000002227fd59790 flushing  nmethod 0x0000022209749608
Event: 104.908 Thread 0x000002227fd59790 flushing  nmethod 0x00000222192c0b08
Event: 104.908 Thread 0x000002227fd59790 flushing  nmethod 0x0000022208b9a608
Event: 104.908 Thread 0x000002227fd59790 flushing  nmethod 0x000002220920df88
Event: 104.908 Thread 0x000002227fd59790 flushing  nmethod 0x0000022209315c88
Event: 104.908 Thread 0x000002227fd59790 flushing  nmethod 0x00000222093f4688
Event: 104.908 Thread 0x000002227fd59790 flushing  nmethod 0x0000022209809988
Event: 104.908 Thread 0x000002227fd59790 flushing  nmethod 0x0000022209809e08

Events (20 events):
Event: 90.510 Thread 0x000002227af08de0 Thread added: 0x0000022282f70b50
Event: 90.510 Thread 0x000002227af08de0 Thread added: 0x0000022282f712a0
Event: 90.511 Thread 0x000002227af08de0 Thread added: 0x0000022282f73730
Event: 90.511 Thread 0x000002227af08de0 Thread added: 0x0000022282f6d820
Event: 91.367 Thread 0x000002227af08de0 Thread added: 0x0000022282f72140
Event: 91.378 Thread 0x000002227af08de0 Thread added: 0x0000022282f6e6c0
Event: 91.381 Thread 0x000002227af08de0 Thread added: 0x0000022282f72890
Event: 91.387 Thread 0x000002227af08de0 Thread added: 0x0000022282f6c980
Event: 91.394 Thread 0x000002227af08de0 Thread added: 0x0000022282f6df70
Event: 91.398 Thread 0x000002227af08de0 Thread added: 0x0000022282f6d0d0
Event: 91.406 Thread 0x000002227af08de0 Thread added: 0x0000022280ee8040
Event: 96.244 Thread 0x000002227af08de0 Thread added: 0x0000022281ad0310
Event: 96.245 Thread 0x000002227af08de0 Thread added: 0x0000022281ad3d90
Event: 96.246 Thread 0x000002227af08de0 Thread added: 0x0000022281ad1900
Event: 96.247 Thread 0x000002227af08de0 Thread added: 0x0000022281acfbc0
Event: 96.248 Thread 0x000002227af08de0 Thread added: 0x0000022281ad27a0
Event: 96.249 Thread 0x000002227af08de0 Thread added: 0x0000022281acf470
Event: 96.249 Thread 0x000002227af08de0 Thread added: 0x0000022281ad2ef0
Event: 132.586 Thread 0x000002227af08de0 Thread added: 0x0000022281ad11b0
Event: 140.968 Thread 0x000002227af08de0 Thread added: 0x000002227ade2450


Dynamic libraries:
0x00007ff7ce290000 - 0x00007ff7ce2a0000 	C:\Program Files\Java\jdk-24\bin\java.exe
0x00007ffc71030000 - 0x00007ffc71228000 	C:\WINDOWS\SYSTEM32\ntdll.dll
0x00007ffc6faf0000 - 0x00007ffc6fbb2000 	C:\WINDOWS\System32\KERNEL32.DLL
0x00007ffc6e9d0000 - 0x00007ffc6ecc6000 	C:\WINDOWS\System32\KERNELBASE.dll
0x00007ffc6ed70000 - 0x00007ffc6ee70000 	C:\WINDOWS\System32\ucrtbase.dll
0x00007ffc41310000 - 0x00007ffc41326000 	C:\Program Files\Java\jdk-24\bin\jli.dll
0x00007ffc70e40000 - 0x00007ffc70fe1000 	C:\WINDOWS\System32\USER32.dll
0x00007ffc6e9a0000 - 0x00007ffc6e9c2000 	C:\WINDOWS\System32\win32u.dll
0x00007ffc706e0000 - 0x00007ffc7070b000 	C:\WINDOWS\System32\GDI32.dll
0x00007ffc5b790000 - 0x00007ffc5ba2b000 	C:\WINDOWS\WinSxS\amd64_microsoft.windows.common-controls_6595b64144ccf1df_6.0.19041.6456_none_60b8a6cb71f64256\COMCTL32.dll
0x00007ffc6e880000 - 0x00007ffc6e999000 	C:\WINDOWS\System32\gdi32full.dll
0x00007ffc70ce0000 - 0x00007ffc70d7e000 	C:\WINDOWS\System32\msvcrt.dll
0x00007ffc6ecd0000 - 0x00007ffc6ed6d000 	C:\WINDOWS\System32\msvcp_win.dll
0x00007ffc41190000 - 0x00007ffc411ab000 	C:\Program Files\Java\jdk-24\bin\VCRUNTIME140.dll
0x00007ffc706b0000 - 0x00007ffc706df000 	C:\WINDOWS\System32\IMM32.DLL
0x00007ffc69bd0000 - 0x00007ffc69bdc000 	C:\Program Files\Java\jdk-24\bin\vcruntime140_1.dll
0x00007ffc284a0000 - 0x00007ffc2852e000 	C:\Program Files\Java\jdk-24\bin\msvcp140.dll
0x00007ffba07d0000 - 0x00007ffba1571000 	C:\Program Files\Java\jdk-24\bin\server\jvm.dll
0x00007ffc70d80000 - 0x00007ffc70e31000 	C:\WINDOWS\System32\ADVAPI32.dll
0x00007ffc70710000 - 0x00007ffc707af000 	C:\WINDOWS\System32\sechost.dll
0x00007ffc6f820000 - 0x00007ffc6f940000 	C:\WINDOWS\System32\RPCRT4.dll
0x00007ffc6e7a0000 - 0x00007ffc6e7c7000 	C:\WINDOWS\System32\bcrypt.dll
0x00007ffc70120000 - 0x00007ffc7018b000 	C:\WINDOWS\System32\WS2_32.dll
0x00007ffc6dbc0000 - 0x00007ffc6dc0b000 	C:\WINDOWS\SYSTEM32\POWRPROF.dll
0x00007ffc52960000 - 0x00007ffc52987000 	C:\WINDOWS\SYSTEM32\WINMM.dll
0x00007ffc68ed0000 - 0x00007ffc68eda000 	C:\WINDOWS\SYSTEM32\VERSION.dll
0x00007ffc6da80000 - 0x00007ffc6da92000 	C:\WINDOWS\SYSTEM32\UMPDC.dll
0x00007ffc6c4f0000 - 0x00007ffc6c502000 	C:\WINDOWS\SYSTEM32\kernel.appcore.dll
0x00007ffc68cf0000 - 0x00007ffc68cfa000 	C:\Program Files\Java\jdk-24\bin\jimage.dll
0x00007ffc5aa90000 - 0x00007ffc5ac91000 	C:\WINDOWS\SYSTEM32\DBGHELP.DLL
0x00007ffc42cd0000 - 0x00007ffc42d04000 	C:\WINDOWS\SYSTEM32\dbgcore.DLL
0x00007ffc6e710000 - 0x00007ffc6e792000 	C:\WINDOWS\System32\bcryptPrimitives.dll
0x00007ffc5b4a0000 - 0x00007ffc5b4af000 	C:\Program Files\Java\jdk-24\bin\instrument.dll
0x00007ffc3a680000 - 0x00007ffc3a69e000 	C:\Program Files\Java\jdk-24\bin\java.dll
0x00007ffc6ffd0000 - 0x00007ffc700fb000 	C:\WINDOWS\System32\ole32.dll
0x00007ffc707b0000 - 0x00007ffc70b04000 	C:\WINDOWS\System32\combase.dll
0x00007ffc6f050000 - 0x00007ffc6f7c0000 	C:\WINDOWS\System32\SHELL32.dll
0x00007ffc6c6f0000 - 0x00007ffc6ce95000 	C:\WINDOWS\SYSTEM32\windows.storage.dll
0x00007ffc6e010000 - 0x00007ffc6e03b000 	C:\WINDOWS\SYSTEM32\Wldp.dll
0x00007ffc6fc20000 - 0x00007ffc6fced000 	C:\WINDOWS\System32\OLEAUT32.dll
0x00007ffc70190000 - 0x00007ffc7023d000 	C:\WINDOWS\System32\SHCORE.dll
0x00007ffc6fee0000 - 0x00007ffc6ff3b000 	C:\WINDOWS\System32\shlwapi.dll
0x00007ffc6e5f0000 - 0x00007ffc6e614000 	C:\WINDOWS\SYSTEM32\profapi.dll
0x00007ffc25d20000 - 0x00007ffc25df7000 	C:\Program Files\Java\jdk-24\bin\jsvml.dll
0x00007ffc397b0000 - 0x00007ffc397c7000 	C:\Program Files\Java\jdk-24\bin\zip.dll
0x00007ffc5a240000 - 0x00007ffc5a250000 	C:\Program Files\Java\jdk-24\bin\net.dll
0x00007ffc6ddf0000 - 0x00007ffc6de5a000 	C:\WINDOWS\system32\mswsock.dll
0x00007ffc36d40000 - 0x00007ffc36d56000 	C:\Program Files\Java\jdk-24\bin\nio.dll
0x00007ffc56290000 - 0x00007ffc562a0000 	C:\Program Files\Java\jdk-24\bin\verify.dll
0x00007ffc3a6e0000 - 0x00007ffc3a707000 	C:\Users\Bradford Nfor\.gradle\native\1def1411415f61bf3af743bc5b6707747c0891f09f0c88961ee8f79bc544acac\windows-amd64\native-platform.dll
0x00007ffc24f20000 - 0x00007ffc24f98000 	C:\Users\Bradford Nfor\.gradle\native\0.2.7\x86_64-windows-gnu\gradle-fileevents.dll
0x00007ffc55ec0000 - 0x00007ffc55eca000 	C:\Program Files\Java\jdk-24\bin\management.dll
0x00007ffc55b40000 - 0x00007ffc55b4b000 	C:\Program Files\Java\jdk-24\bin\management_ext.dll
0x00007ffc6fcf0000 - 0x00007ffc6fcf8000 	C:\WINDOWS\System32\PSAPI.DLL
0x00007ffc6daa0000 - 0x00007ffc6dadb000 	C:\WINDOWS\SYSTEM32\IPHLPAPI.DLL
0x00007ffc6fdb0000 - 0x00007ffc6fdb8000 	C:\WINDOWS\System32\NSI.dll
0x00007ffc54f10000 - 0x00007ffc54f19000 	C:\Program Files\Java\jdk-24\bin\extnet.dll
0x00007ffc6e050000 - 0x00007ffc6e068000 	C:\WINDOWS\SYSTEM32\CRYPTSP.dll
0x00007ffc6d6c0000 - 0x00007ffc6d6f8000 	C:\WINDOWS\system32\rsaenh.dll
0x00007ffc6e570000 - 0x00007ffc6e59e000 	C:\WINDOWS\SYSTEM32\USERENV.dll
0x00007ffc6df80000 - 0x00007ffc6df8c000 	C:\WINDOWS\SYSTEM32\CRYPTBASE.dll
0x00007ffc5b060000 - 0x00007ffc5b06e000 	C:\Program Files\Java\jdk-24\bin\sunmscapi.dll
0x00007ffc6eef0000 - 0x00007ffc6f04d000 	C:\WINDOWS\System32\CRYPT32.dll
0x00007ffc6e160000 - 0x00007ffc6e187000 	C:\WINDOWS\SYSTEM32\ncrypt.dll
0x00007ffc6e120000 - 0x00007ffc6e15b000 	C:\WINDOWS\SYSTEM32\NTASN1.dll
0x00007ffc56350000 - 0x00007ffc56357000 	C:\WINDOWS\system32\wshunix.dll
0x00007ffc6dae0000 - 0x00007ffc6dbaa000 	C:\WINDOWS\SYSTEM32\DNSAPI.dll
0x00007ffc5e5e0000 - 0x00007ffc5e5ea000 	C:\Windows\System32\rasadhlp.dll
0x00007ffc66320000 - 0x00007ffc663a0000 	C:\WINDOWS\System32\fwpuclnt.dll

JVMTI agents:
C:\Users\Bradford Nfor\.gradle\wrapper\dists\gradle-8.14-all\c2qonpi39x1mddn7hk5gh9iqj\gradle-8.14\lib\agents\gradle-instrumentation-agent-8.14.jar path:C:\Program Files\Java\jdk-24\bin\instrument.dll, loaded, initialized, instrumentlib options:none

dbghelp: loaded successfully - version: 4.0.5 - missing functions: none
symbol engine: initialized successfully - sym options: 0x614 - pdb path: .;C:\Program Files\Java\jdk-24\bin;C:\WINDOWS\SYSTEM32;C:\WINDOWS\WinSxS\amd64_microsoft.windows.common-controls_6595b64144ccf1df_6.0.19041.6456_none_60b8a6cb71f64256;C:\Program Files\Java\jdk-24\bin\server;C:\Users\Bradford Nfor\.gradle\native\1def1411415f61bf3af743bc5b6707747c0891f09f0c88961ee8f79bc544acac\windows-amd64;C:\Users\Bradford Nfor\.gradle\native\0.2.7\x86_64-windows-gnu

VM Arguments:
jvm_args: --add-opens=java.base/java.lang=ALL-UNNAMED --add-opens=java.base/java.lang.invoke=ALL-UNNAMED --add-opens=java.base/java.util=ALL-UNNAMED --add-opens=java.prefs/java.util.prefs=ALL-UNNAMED --add-exports=jdk.compiler/com.sun.tools.javac.api=ALL-UNNAMED --add-exports=jdk.compiler/com.sun.tools.javac.util=ALL-UNNAMED --add-opens=java.base/java.util=ALL-UNNAMED --add-opens=java.prefs/java.util.prefs=ALL-UNNAMED --add-opens=java.base/java.nio.charset=ALL-UNNAMED --add-opens=java.base/java.net=ALL-UNNAMED --add-opens=java.base/java.util.concurrent.atomic=ALL-UNNAMED --add-opens=java.xml/javax.xml.namespace=ALL-UNNAMED --enable-native-access=ALL-UNNAMED -XX:MaxMetaspaceSize=4G -XX:ReservedCodeCacheSize=512m -XX:+HeapDumpOnOutOfMemoryError -Xmx8G -Dfile.encoding=UTF-8 -Duser.country=US -Duser.language=en -Duser.variant -javaagent:C:\Users\Bradford Nfor\.gradle\wrapper\dists\gradle-8.14-all\c2qonpi39x1mddn7hk5gh9iqj\gradle-8.14\lib\agents\gradle-instrumentation-agent-8.14.jar 
java_command: org.gradle.launcher.daemon.bootstrap.GradleDaemon 8.14
java_class_path (initial): C:\Users\Bradford Nfor\.gradle\wrapper\dists\gradle-8.14-all\c2qonpi39x1mddn7hk5gh9iqj\gradle-8.14\lib\gradle-daemon-main-8.14.jar
Launcher Type: SUN_STANDARD

[Global flags]
     intx CICompilerCount                          = 4                                         {product} {ergonomic}
     uint ConcGCThreads                            = 2                                         {product} {ergonomic}
     uint G1ConcRefinementThreads                  = 8                                         {product} {ergonomic}
   size_t G1HeapRegionSize                         = 4194304                                   {product} {ergonomic}
     bool HeapDumpOnOutOfMemoryError               = true                                   {manageable} {command line}
   size_t InitialHeapSize                          = 134217728                                 {product} {ergonomic}
   size_t MarkStackSize                            = 4194304                                   {product} {ergonomic}
   size_t MarkStackSizeMax                         = 536870912                                 {product} {ergonomic}
   size_t MaxHeapSize                              = 8589934592                                {product} {command line}
   size_t MaxMetaspaceSize                         = 4294967296                                {product} {command line}
   size_t MaxNewSize                               = 5150605312                                {product} {ergonomic}
   size_t MinHeapDeltaBytes                        = 4194304                                   {product} {ergonomic}
   size_t MinHeapSize                              = 8388608                                   {product} {ergonomic}
    uintx NonNMethodCodeHeapSize                   = 5832704                                {pd product} {ergonomic}
    uintx NonProfiledCodeHeapSize                  = 265551872                              {pd product} {ergonomic}
    uintx ProfiledCodeHeapSize                     = 265486336                              {pd product} {ergonomic}
    uintx ReservedCodeCacheSize                    = 536870912                              {pd product} {command line, ergonomic}
     bool SegmentedCodeCache                       = true                                      {product} {ergonomic}
   size_t SoftMaxHeapSize                          = 8589934592                             {manageable} {ergonomic}
     bool UseCompressedOops                        = true                           {product lp64_product} {ergonomic}
     bool UseG1GC                                  = true                                      {product} {ergonomic}
     bool UseLargePagesIndividualAllocation        = false                                  {pd product} {ergonomic}

Logging:
Log output configuration:
 #0: stdout all=warning uptime,level,tags foldmultilines=false
 #1: stderr all=off uptime,level,tags foldmultilines=false

Environment Variables:
PATH=C:\Users\Bradford Nfor\AppData\Local\Programs\Microsoft VS Code;C:\Program Files\Common Files\Oracle\Java\javapath;C:\WINDOWS\system32;C:\WINDOWS;C:\WINDOWS\System32\Wbem;C:\WINDOWS\System32\WindowsPowerShell\v1.0\;C:\WINDOWS\System32\OpenSSH\;C:\Program Files (x86)\Windows Kits\10\Windows Performance Toolkit\;C:\Program Files\Microsoft SQL Server\150\Tools\Binn\;C:\Program Files\nodejs\;C:\Program Files\Docker\Docker\resources\bin;C:\xampp\php;C:\xampp\mysql\bin;C:\ProgramData\ComposerSetup\bin;C:\Program Files\dotnet\;C:\Users\Bradford Nfor\AppData\Local\Android\Sdk\platform-tools;C:\Program Files\Git\cmd;C:\Users\Bradford Nfor\AppData\Local\Programs\Python\Python313\Scripts\;C:\Users\Bradford Nfor\AppData\Local\Programs\Python\Python313\;C:\Users\Bradford Nfor\AppData\Local\Programs\Python\Launcher\;C:\Users\Bradford Nfor\AppData\Local\Microsoft\WindowsApps;C:\src\flutter\bin;C:\Users\Bradford Nfor\AppData\Roaming\npm;C:\Users\Bradford Nfor\AppData\Roaming\Composer\vendor\bin;C:\Users\Bradford Nfor\AppData\Local\Programs\Microsoft VS Code\bin;C:\Program Files\PostgreSQ;C:\Program Files\PostgreSQL\18\bin;C:\Users\Bradford Nfor\AppData\Local\Programs\Python\Python313\Scripts\;C:\Users\Bradford Nfor\AppData\Local\Programs\Python\Python313\;C:\Users\Bradford Nfor\AppData\Local\Programs\Python\Launcher\;C:\Users\Bradford Nfor\AppData\Local\Microsoft\WindowsApps;C:\src\flutter\bin;C:\Users\Bradford Nfor\AppData\Roaming\npm;C:\Users\Bradford Nfor\AppData\Roaming\Composer\vendor\bin;C:\Users\Bradford Nfor\AppData\Local\Programs\Microsoft VS Code\bin
USERNAME=Bradford Nfor
OS=Windows_NT
PROCESSOR_IDENTIFIER=Intel64 Family 6 Model 142 Stepping 10, GenuineIntel
TMP=C:\Users\BRADFO~1\AppData\Local\Temp
TEMP=C:\Users\BRADFO~1\AppData\Local\Temp




Periodic native trim disabled

---------------  S Y S T E M  ---------------

OS:
 Windows 10 , 64 bit Build 19041 (10.0.19041.5915)
OS uptime: 3 days 11:22 hours
Hyper-V role detected

CPU: total 8 (initial active 8) (4 cores per cpu, 2 threads per core) family 6 model 142 stepping 10 microcode 0xf6, cx8, cmov, fxsr, ht, mmx, 3dnowpref, sse, sse2, sse3, ssse3, sse4.1, sse4.2, popcnt, lzcnt, tsc, tscinvbit, avx, avx2, aes, erms, clmul, bmi1, bmi2, rtm, adx, fma, vzeroupper, clflush, clflushopt, hv, rdtscp, f16c
Processor Information for the first 8 processors :
  Max Mhz: 1896, Current Mhz: 1696, Mhz Limit: 1687

Memory: 4k page, system-wide physical 8035M (266M free)
TotalPageFile size 32611M (AvailPageFile size 51M)
current process WorkingSet (physical memory assigned to process): 404M, peak: 797M
current process commit charge ("private bytes"): 2350M, peak: 2359M

vm_info: Java HotSpot(TM) 64-Bit Server VM (24.0.2+12-54) for windows-amd64 JRE (24.0.2+12-54), built on 2025-07-08T12:10:27Z with MS VC++ 17.6 (VS2022)

END.
